,minibatch_loss,epoch_avg_loss,epoch_val_loss,learning_rate,evaluation_loss,training_confusion_matrix,validation_confusion_matrix,evaluation_confusion_matrix,train_ious,train_dices,train_precision,train_recall,train_specificity,train_sensitivity,val_ious,val_dices,val_precision,val_recall,val_specificity,val_sensitivity,test_ious,test_dices,test_precision,test_recall,test_specificity,test_sensitivity
0,1.1314458847045898,,,,,,,,,,,,,,,,,,,,,,,,,
1,0.959648072719574,,,,,,,,,,,,,,,,,,,,,,,,,
2,0.9852254390716553,,,,,,,,,,,,,,,,,,,,,,,,,
3,0.8265447616577148,,,,,,,,,,,,,,,,,,,,,,,,,
4,0.7821903824806213,,,,,,,,,,,,,,,,,,,,,,,,,
5,0.8261134028434753,,,,,,,,,,,,,,,,,,,,,,,,,
6,0.8634714484214783,,,,,,,,,,,,,,,,,,,,,,,,,
7,0.7956021428108215,,,,,,,,,,,,,,,,,,,,,,,,,
8,0.7894132733345032,,,,,,,,,,,,,,,,,,,,,,,,,
9,0.775722086429596,,,,,,,,,,,,,,,,,,,,,,,,,
10,0.8030756115913391,,,,,,,,,,,,,,,,,,,,,,,,,
11,0.8320474624633789,,,,,,,,,,,,,,,,,,,,,,,,,
12,0.7295278310775757,,,,,,,,,,,,,,,,,,,,,,,,,
13,0.8421518206596375,,,,,,,,,,,,,,,,,,,,,,,,,
14,0.7810865044593811,,,,,,,,,,,,,,,,,,,,,,,,,
15,0.7396593689918518,,,,,,,,,,,,,,,,,,,,,,,,,
16,0.757869303226471,,,,,,,,,,,,,,,,,,,,,,,,,
17,0.7454975843429565,,,,,,,,,,,,,,,,,,,,,,,,,
18,0.7940465211868286,,,,,,,,,,,,,,,,,,,,,,,,,
19,0.7052513360977173,,,,,,,,,,,,,,,,,,,,,,,,,
20,0.7778481841087341,,,,,,,,,,,,,,,,,,,,,,,,,
21,0.7572964429855347,,,,,,,,,,,,,,,,,,,,,,,,,
22,0.7171062231063843,,,,,,,,,,,,,,,,,,,,,,,,,
23,0.7737846374511719,,,,,,,,,,,,,,,,,,,,,,,,,
24,0.7438521981239319,,,,,,,,,,,,,,,,,,,,,,,,,
25,0.7821023464202881,,,,,,,,,,,,,,,,,,,,,,,,,
26,0.7851840257644653,,,,,,,,,,,,,,,,,,,,,,,,,
27,0.7135109305381775,,,,,,,,,,,,,,,,,,,,,,,,,
28,0.7055420279502869,,,,,,,,,,,,,,,,,,,,,,,,,
29,0.7212468385696411,,,,,,,,,,,,,,,,,,,,,,,,,
30,0.7822727560997009,,,,,,,,,,,,,,,,,,,,,,,,,
31,0.7341048717498779,,,,,,,,,,,,,,,,,,,,,,,,,
32,0.7402421236038208,,,,,,,,,,,,,,,,,,,,,,,,,
33,0.7254014015197754,,,,,,,,,,,,,,,,,,,,,,,,,
34,0.7706081867218018,,,,,,,,,,,,,,,,,,,,,,,,,
35,0.7629636526107788,,,,,,,,,,,,,,,,,,,,,,,,,
36,0.7321123480796814,,,,,,,,,,,,,,,,,,,,,,,,,
37,0.7248269319534302,,,,,,,,,,,,,,,,,,,,,,,,,
38,0.7454253435134888,,,,,,,,,,,,,,,,,,,,,,,,,
39,0.7504936456680298,,,,,,,,,,,,,,,,,,,,,,,,,
40,0.699957549571991,,,,,,,,,,,,,,,,,,,,,,,,,
41,0.7596251368522644,,,,,,,,,,,,,,,,,,,,,,,,,
42,0.7498904466629028,,,,,,,,,,,,,,,,,,,,,,,,,
43,1.0755757093429565,,,,,,,,,,,,,,,,,,,,,,,,,
44,0.7147687077522278,,,,,,,,,,,,,,,,,,,,,,,,,
45,0.7366344928741455,,,,,,,,,,,,,,,,,,,,,,,,,
46,0.727774441242218,,,,,,,,,,,,,,,,,,,,,,,,,
47,0.7017261981964111,,,,,,,,,,,,,,,,,,,,,,,,,
48,0.686846911907196,,,,,,,,,,,,,,,,,,,,,,,,,
49,0.744064450263977,,,,,,,,,,,,,,,,,,,,,,,,,
50,0.6658234000205994,,,,,,,,,,,,,,,,,,,,,,,,,
51,0.6952508687973022,,,,,,,,,,,,,,,,,,,,,,,,,
52,0.7265343070030212,,,,,,,,,,,,,,,,,,,,,,,,,
53,0.8045485615730286,,,,,,,,,,,,,,,,,,,,,,,,,
54,0.7150557637214661,,,,,,,,,,,,,,,,,,,,,,,,,
55,0.7956416606903076,,,,,,,,,,,,,,,,,,,,,,,,,
56,0.705149233341217,,,,,,,,,,,,,,,,,,,,,,,,,
57,0.711632490158081,,,,,,,,,,,,,,,,,,,,,,,,,
58,0.672627329826355,,,,,,,,,,,,,,,,,,,,,,,,,
59,0.7610319256782532,,,,,,,,,,,,,,,,,,,,,,,,,
60,0.7266528606414795,,,,,,,,,,,,,,,,,,,,,,,,,
61,0.7112978100776672,,,,,,,,,,,,,,,,,,,,,,,,,
62,0.7217029333114624,,,,,,,,,,,,,,,,,,,,,,,,,
63,0.8551442623138428,,,,,,,,,,,,,,,,,,,,,,,,,
64,0.693412721157074,,,,,,,,,,,,,,,,,,,,,,,,,
65,0.7125878930091858,,,,,,,,,,,,,,,,,,,,,,,,,
66,0.7386079430580139,,,,,,,,,,,,,,,,,,,,,,,,,
67,0.7345876097679138,,,,,,,,,,,,,,,,,,,,,,,,,
68,0.7113528251647949,,,,,,,,,,,,,,,,,,,,,,,,,
69,0.7648622989654541,,,,,,,,,,,,,,,,,,,,,,,,,
70,0.6683419942855835,,,,,,,,,,,,,,,,,,,,,,,,,
71,0.7097012996673584,,,,,,,,,,,,,,,,,,,,,,,,,
72,0.7435120940208435,,,,,,,,,,,,,,,,,,,,,,,,,
73,0.732204794883728,,,,,,,,,,,,,,,,,,,,,,,,,
74,0.7114987373352051,,,,,,,,,,,,,,,,,,,,,,,,,
75,0.7514469623565674,,,,,,,,,,,,,,,,,,,,,,,,,
76,0.7495065331459045,,,,,,,,,,,,,,,,,,,,,,,,,
77,0.7098405957221985,,,,,,,,,,,,,,,,,,,,,,,,,
78,0.6986213326454163,,,,,,,,,,,,,,,,,,,,,,,,,
79,0.7252042293548584,,,,,,,,,,,,,,,,,,,,,,,,,
80,0.7180159091949463,,,,,,,,,,,,,,,,,,,,,,,,,
81,0.7961743474006653,,,,,,,,,,,,,,,,,,,,,,,,,
82,0.7202797532081604,,,,,,,,,,,,,,,,,,,,,,,,,
83,0.8135675191879272,,,,,,,,,,,,,,,,,,,,,,,,,
84,0.7203183770179749,,,,,,,,,,,,,,,,,,,,,,,,,
85,0.7070044279098511,,,,,,,,,,,,,,,,,,,,,,,,,
86,0.7671952843666077,,,,,,,,,,,,,,,,,,,,,,,,,
87,0.6760879158973694,,,,,,,,,,,,,,,,,,,,,,,,,
88,0.7668833136558533,,,,,,,,,,,,,,,,,,,,,,,,,
89,0.7387467622756958,,,,,,,,,,,,,,,,,,,,,,,,,
90,0.8888576626777649,,,,,,,,,,,,,,,,,,,,,,,,,
91,0.683522641658783,,,,,,,,,,,,,,,,,,,,,,,,,
92,0.6889578104019165,,,,,,,,,,,,,,,,,,,,,,,,,
93,0.8854318857192993,,,,,,,,,,,,,,,,,,,,,,,,,
94,0.6996189951896667,,,,,,,,,,,,,,,,,,,,,,,,,
95,0.7218045592308044,,,,,,,,,,,,,,,,,,,,,,,,,
96,0.6629670262336731,,,,,,,,,,,,,,,,,,,,,,,,,
97,0.8011205196380615,,,,,,,,,,,,,,,,,,,,,,,,,
98,0.6988945007324219,,,,,,,,,,,,,,,,,,,,,,,,,
99,0.685493528842926,,,,,,,,,,,,,,,,,,,,,,,,,
100,0.7240068912506104,,,,,,,,,,,,,,,,,,,,,,,,,
101,0.7112471461296082,,,,,,,,,,,,,,,,,,,,,,,,,
102,0.6918269395828247,,,,,,,,,,,,,,,,,,,,,,,,,
103,0.6801744699478149,,,,,,,,,,,,,,,,,,,,,,,,,
104,0.7122508883476257,,,,,,,,,,,,,,,,,,,,,,,,,
105,0.6926208734512329,,,,,,,,,,,,,,,,,,,,,,,,,
106,0.696734607219696,,,,,,,,,,,,,,,,,,,,,,,,,
107,0.7711917757987976,,,,,,,,,,,,,,,,,,,,,,,,,
108,0.6629582047462463,,,,,,,,,,,,,,,,,,,,,,,,,
109,0.7079039812088013,,,,,,,,,,,,,,,,,,,,,,,,,
110,0.7003334760665894,,,,,,,,,,,,,,,,,,,,,,,,,
111,0.7188400030136108,,,,,,,,,,,,,,,,,,,,,,,,,
112,0.6587499380111694,,,,,,,,,,,,,,,,,,,,,,,,,
113,0.6954258680343628,,,,,,,,,,,,,,,,,,,,,,,,,
114,0.7418519854545593,,,,,,,,,,,,,,,,,,,,,,,,,
115,0.7005602121353149,,,,,,,,,,,,,,,,,,,,,,,,,
116,0.7477782964706421,,,,,,,,,,,,,,,,,,,,,,,,,
117,0.6619011759757996,,,,,,,,,,,,,,,,,,,,,,,,,
118,0.7053226828575134,,,,,,,,,,,,,,,,,,,,,,,,,
119,0.714407205581665,,,,,,,,,,,,,,,,,,,,,,,,,
120,0.7045661211013794,,,,,,,,,,,,,,,,,,,,,,,,,
121,0.6523829102516174,,,,,,,,,,,,,,,,,,,,,,,,,
122,0.7130917906761169,,,,,,,,,,,,,,,,,,,,,,,,,
123,0.7787737250328064,,,,,,,,,,,,,,,,,,,,,,,,,
124,0.6669299006462097,,,,,,,,,,,,,,,,,,,,,,,,,
125,0.966586172580719,,,,,,,,,,,,,,,,,,,,,,,,,
126,0.6819685697555542,,,,,,,,,,,,,,,,,,,,,,,,,
127,0.6711370348930359,,,,,,,,,,,,,,,,,,,,,,,,,
128,0.9475287199020386,,,,,,,,,,,,,,,,,,,,,,,,,
129,0.689419686794281,,,,,,,,,,,,,,,,,,,,,,,,,
130,0.7334825396537781,,,,,,,,,,,,,,,,,,,,,,,,,
131,0.6500604748725891,,,,,,,,,,,,,,,,,,,,,,,,,
132,0.6611891388893127,,,,,,,,,,,,,,,,,,,,,,,,,
133,0.9037485122680664,,,,,,,,,,,,,,,,,,,,,,,,,
134,0.6979576349258423,,,,,,,,,,,,,,,,,,,,,,,,,
135,0.6543480753898621,,,,,,,,,,,,,,,,,,,,,,,,,
136,0.6654190421104431,,,,,,,,,,,,,,,,,,,,,,,,,
137,0.7220350503921509,,,,,,,,,,,,,,,,,,,,,,,,,
138,0.6831423044204712,,,,,,,,,,,,,,,,,,,,,,,,,
139,0.6692423224449158,,,,,,,,,,,,,,,,,,,,,,,,,
140,0.7113912105560303,,,,,,,,,,,,,,,,,,,,,,,,,
141,0.6888099908828735,,,,,,,,,,,,,,,,,,,,,,,,,
142,0.6583202481269836,,,,,,,,,,,,,,,,,,,,,,,,,
143,0.7323439717292786,,,,,,,,,,,,,,,,,,,,,,,,,
144,0.6752313375473022,,,,,,,,,,,,,,,,,,,,,,,,,
145,0.7323030829429626,,,,,,,,,,,,,,,,,,,,,,,,,
146,0.6290302276611328,,,,,,,,,,,,,,,,,,,,,,,,,
147,0.68889981508255,,,,,,,,,,,,,,,,,,,,,,,,,
148,0.6815769672393799,,,,,,,,,,,,,,,,,,,,,,,,,
149,0.6835629940032959,,,,,,,,,,,,,,,,,,,,,,,,,
150,0.6605162620544434,,,,,,,,,,,,,,,,,,,,,,,,,
151,0.6603156328201294,,,,,,,,,,,,,,,,,,,,,,,,,
152,0.7161056399345398,,,,,,,,,,,,,,,,,,,,,,,,,
153,0.8102583289146423,,,,,,,,,,,,,,,,,,,,,,,,,
154,0.6292971968650818,,,,,,,,,,,,,,,,,,,,,,,,,
155,0.6851138472557068,,,,,,,,,,,,,,,,,,,,,,,,,
156,0.684842050075531,,,,,,,,,,,,,,,,,,,,,,,,,
157,0.6378853917121887,,,,,,,,,,,,,,,,,,,,,,,,,
158,0.7220266461372375,,,,,,,,,,,,,,,,,,,,,,,,,
159,0.6478638052940369,,,,,,,,,,,,,,,,,,,,,,,,,
160,0.7271749973297119,,,,,,,,,,,,,,,,,,,,,,,,,
161,0.6731610298156738,,,,,,,,,,,,,,,,,,,,,,,,,
162,0.6870388388633728,,,,,,,,,,,,,,,,,,,,,,,,,
163,0.6712676286697388,,,,,,,,,,,,,,,,,,,,,,,,,
164,0.6752182245254517,,,,,,,,,,,,,,,,,,,,,,,,,
165,0.6825321316719055,,,,,,,,,,,,,,,,,,,,,,,,,
166,0.7089560031890869,,,,,,,,,,,,,,,,,,,,,,,,,
167,0.6697152256965637,,,,,,,,,,,,,,,,,,,,,,,,,
168,0.6941570043563843,,,,,,,,,,,,,,,,,,,,,,,,,
169,,0.7349509000778198,,0.001,,"[[6.96429635e+01 8.22100885e+00 1.60367131e+01]
 [2.17104178e-02 3.75345812e-01 3.72725099e-02]
 [6.35540101e-01 2.87263508e-01 4.74218218e+00]]",,,[0.73651104 0.04197278 0.21814198],[0.84826531 0.08056406 0.35815526],[0.9906508  0.04225146 0.22781245],[0.74166619 0.8641975  0.83710399],[0.8922419  0.91454613 0.82960743],[0.74166619 0.8641975  0.83710399],,,,,,,,,,,,
170,,,0.6913932431827892,0.001,,,"[[7.41691800e+01 6.27984352e+00 1.31498004e+01]
 [2.98661254e-02 5.91716317e-01 7.16597946e-03]
 [7.63079197e-01 2.15519863e-01 4.79382859e+00]]",,,,,,,,[0.78575898 0.08305826 0.25324786],[0.88002803 0.15337727 0.40414649],[0.98942205 0.08349226 0.26705383],[0.79241573 0.94110187 0.8304701 ],[0.87612506 0.93463539 0.86037031],[0.79241573 0.94110187 0.8304701 ],,,,,,
171,0.7007977962493896,,,,,,,,,,,,,,,,,,,,,,,,,
172,0.7077087163925171,,,,,,,,,,,,,,,,,,,,,,,,,
173,0.6821977496147156,,,,,,,,,,,,,,,,,,,,,,,,,
174,0.6431227326393127,,,,,,,,,,,,,,,,,,,,,,,,,
175,0.6656147837638855,,,,,,,,,,,,,,,,,,,,,,,,,
176,0.8034654259681702,,,,,,,,,,,,,,,,,,,,,,,,,
177,0.7337610721588135,,,,,,,,,,,,,,,,,,,,,,,,,
178,0.6549668908119202,,,,,,,,,,,,,,,,,,,,,,,,,
179,0.6951418519020081,,,,,,,,,,,,,,,,,,,,,,,,,
180,0.6514412760734558,,,,,,,,,,,,,,,,,,,,,,,,,
181,0.6720422506332397,,,,,,,,,,,,,,,,,,,,,,,,,
182,0.6350889205932617,,,,,,,,,,,,,,,,,,,,,,,,,
183,0.6630087494850159,,,,,,,,,,,,,,,,,,,,,,,,,
184,0.6489280462265015,,,,,,,,,,,,,,,,,,,,,,,,,
185,0.6750662326812744,,,,,,,,,,,,,,,,,,,,,,,,,
186,0.6649335622787476,,,,,,,,,,,,,,,,,,,,,,,,,
187,0.6815887689590454,,,,,,,,,,,,,,,,,,,,,,,,,
188,0.6669350862503052,,,,,,,,,,,,,,,,,,,,,,,,,
189,0.6260965466499329,,,,,,,,,,,,,,,,,,,,,,,,,
190,0.8730069994926453,,,,,,,,,,,,,,,,,,,,,,,,,
191,0.7396945953369141,,,,,,,,,,,,,,,,,,,,,,,,,
192,0.6811728477478027,,,,,,,,,,,,,,,,,,,,,,,,,
193,0.7177125215530396,,,,,,,,,,,,,,,,,,,,,,,,,
194,0.6704801917076111,,,,,,,,,,,,,,,,,,,,,,,,,
195,0.6475641131401062,,,,,,,,,,,,,,,,,,,,,,,,,
196,0.7572455406188965,,,,,,,,,,,,,,,,,,,,,,,,,
197,0.6568745374679565,,,,,,,,,,,,,,,,,,,,,,,,,
198,0.6538569331169128,,,,,,,,,,,,,,,,,,,,,,,,,
199,0.6622837781906128,,,,,,,,,,,,,,,,,,,,,,,,,
200,0.651881217956543,,,,,,,,,,,,,,,,,,,,,,,,,
201,0.6593345403671265,,,,,,,,,,,,,,,,,,,,,,,,,
202,0.6784135103225708,,,,,,,,,,,,,,,,,,,,,,,,,
203,0.7036393880844116,,,,,,,,,,,,,,,,,,,,,,,,,
204,0.6968110203742981,,,,,,,,,,,,,,,,,,,,,,,,,
205,0.7267460823059082,,,,,,,,,,,,,,,,,,,,,,,,,
206,0.7547650337219238,,,,,,,,,,,,,,,,,,,,,,,,,
207,0.6472533941268921,,,,,,,,,,,,,,,,,,,,,,,,,
208,0.6670098900794983,,,,,,,,,,,,,,,,,,,,,,,,,
209,0.872920036315918,,,,,,,,,,,,,,,,,,,,,,,,,
210,0.6645137667655945,,,,,,,,,,,,,,,,,,,,,,,,,
211,0.6663612723350525,,,,,,,,,,,,,,,,,,,,,,,,,
212,0.6688762903213501,,,,,,,,,,,,,,,,,,,,,,,,,
213,0.6572472453117371,,,,,,,,,,,,,,,,,,,,,,,,,
214,0.6713274121284485,,,,,,,,,,,,,,,,,,,,,,,,,
215,0.633732795715332,,,,,,,,,,,,,,,,,,,,,,,,,
216,0.667875349521637,,,,,,,,,,,,,,,,,,,,,,,,,
217,0.6781752705574036,,,,,,,,,,,,,,,,,,,,,,,,,
218,0.689934253692627,,,,,,,,,,,,,,,,,,,,,,,,,
219,0.6528586149215698,,,,,,,,,,,,,,,,,,,,,,,,,
220,0.6734388470649719,,,,,,,,,,,,,,,,,,,,,,,,,
221,0.7446195483207703,,,,,,,,,,,,,,,,,,,,,,,,,
222,0.6991742849349976,,,,,,,,,,,,,,,,,,,,,,,,,
223,0.6314159631729126,,,,,,,,,,,,,,,,,,,,,,,,,
224,0.6621171236038208,,,,,,,,,,,,,,,,,,,,,,,,,
225,0.706122875213623,,,,,,,,,,,,,,,,,,,,,,,,,
226,0.7361964583396912,,,,,,,,,,,,,,,,,,,,,,,,,
227,0.6848646998405457,,,,,,,,,,,,,,,,,,,,,,,,,
228,0.6504358053207397,,,,,,,,,,,,,,,,,,,,,,,,,
229,0.7817071080207825,,,,,,,,,,,,,,,,,,,,,,,,,
230,0.7187115550041199,,,,,,,,,,,,,,,,,,,,,,,,,
231,1.0820189714431763,,,,,,,,,,,,,,,,,,,,,,,,,
232,0.7169859409332275,,,,,,,,,,,,,,,,,,,,,,,,,
233,0.7554237246513367,,,,,,,,,,,,,,,,,,,,,,,,,
234,0.6978656053543091,,,,,,,,,,,,,,,,,,,,,,,,,
235,0.6823053956031799,,,,,,,,,,,,,,,,,,,,,,,,,
236,0.6766185760498047,,,,,,,,,,,,,,,,,,,,,,,,,
237,0.666208803653717,,,,,,,,,,,,,,,,,,,,,,,,,
238,0.6484053134918213,,,,,,,,,,,,,,,,,,,,,,,,,
239,0.8208960890769958,,,,,,,,,,,,,,,,,,,,,,,,,
240,0.6597137451171875,,,,,,,,,,,,,,,,,,,,,,,,,
241,0.6927714347839355,,,,,,,,,,,,,,,,,,,,,,,,,
242,0.7935302257537842,,,,,,,,,,,,,,,,,,,,,,,,,
243,0.7203313708305359,,,,,,,,,,,,,,,,,,,,,,,,,
244,0.6675002574920654,,,,,,,,,,,,,,,,,,,,,,,,,
245,0.693854808807373,,,,,,,,,,,,,,,,,,,,,,,,,
246,0.6388346552848816,,,,,,,,,,,,,,,,,,,,,,,,,
247,0.7075965404510498,,,,,,,,,,,,,,,,,,,,,,,,,
248,0.725130021572113,,,,,,,,,,,,,,,,,,,,,,,,,
249,0.6494265794754028,,,,,,,,,,,,,,,,,,,,,,,,,
250,0.6496045589447021,,,,,,,,,,,,,,,,,,,,,,,,,
251,0.6956278085708618,,,,,,,,,,,,,,,,,,,,,,,,,
252,0.6475597023963928,,,,,,,,,,,,,,,,,,,,,,,,,
253,0.6781869530677795,,,,,,,,,,,,,,,,,,,,,,,,,
254,0.6506646871566772,,,,,,,,,,,,,,,,,,,,,,,,,
255,0.6973739266395569,,,,,,,,,,,,,,,,,,,,,,,,,
256,0.6978201866149902,,,,,,,,,,,,,,,,,,,,,,,,,
257,0.7100685834884644,,,,,,,,,,,,,,,,,,,,,,,,,
258,0.6955156326293945,,,,,,,,,,,,,,,,,,,,,,,,,
259,0.6650058627128601,,,,,,,,,,,,,,,,,,,,,,,,,
260,0.6596074104309082,,,,,,,,,,,,,,,,,,,,,,,,,
261,0.6705614328384399,,,,,,,,,,,,,,,,,,,,,,,,,
262,0.9300327897071838,,,,,,,,,,,,,,,,,,,,,,,,,
263,0.7273632287979126,,,,,,,,,,,,,,,,,,,,,,,,,
264,0.7714923620223999,,,,,,,,,,,,,,,,,,,,,,,,,
265,0.6443294882774353,,,,,,,,,,,,,,,,,,,,,,,,,
266,0.6462991237640381,,,,,,,,,,,,,,,,,,,,,,,,,
267,0.6618825197219849,,,,,,,,,,,,,,,,,,,,,,,,,
268,0.6879042387008667,,,,,,,,,,,,,,,,,,,,,,,,,
269,0.6402103900909424,,,,,,,,,,,,,,,,,,,,,,,,,
270,0.6514684557914734,,,,,,,,,,,,,,,,,,,,,,,,,
271,0.8635818958282471,,,,,,,,,,,,,,,,,,,,,,,,,
272,0.6771156787872314,,,,,,,,,,,,,,,,,,,,,,,,,
273,0.6525310277938843,,,,,,,,,,,,,,,,,,,,,,,,,
274,0.6401206851005554,,,,,,,,,,,,,,,,,,,,,,,,,
275,1.0349156856536865,,,,,,,,,,,,,,,,,,,,,,,,,
276,0.6391776204109192,,,,,,,,,,,,,,,,,,,,,,,,,
277,0.7090301513671875,,,,,,,,,,,,,,,,,,,,,,,,,
278,0.7009355425834656,,,,,,,,,,,,,,,,,,,,,,,,,
279,0.7602736949920654,,,,,,,,,,,,,,,,,,,,,,,,,
280,0.6557598114013672,,,,,,,,,,,,,,,,,,,,,,,,,
281,0.6783647537231445,,,,,,,,,,,,,,,,,,,,,,,,,
282,0.6397236585617065,,,,,,,,,,,,,,,,,,,,,,,,,
283,0.7214372158050537,,,,,,,,,,,,,,,,,,,,,,,,,
284,0.647457480430603,,,,,,,,,,,,,,,,,,,,,,,,,
285,0.6777275204658508,,,,,,,,,,,,,,,,,,,,,,,,,
286,0.681023120880127,,,,,,,,,,,,,,,,,,,,,,,,,
287,0.6568213701248169,,,,,,,,,,,,,,,,,,,,,,,,,
288,0.6758820414543152,,,,,,,,,,,,,,,,,,,,,,,,,
289,0.6600753664970398,,,,,,,,,,,,,,,,,,,,,,,,,
290,0.7023923993110657,,,,,,,,,,,,,,,,,,,,,,,,,
291,0.6316450238227844,,,,,,,,,,,,,,,,,,,,,,,,,
292,0.6726357340812683,,,,,,,,,,,,,,,,,,,,,,,,,
293,0.6415234804153442,,,,,,,,,,,,,,,,,,,,,,,,,
294,0.6508587598800659,,,,,,,,,,,,,,,,,,,,,,,,,
295,0.6585445404052734,,,,,,,,,,,,,,,,,,,,,,,,,
296,0.727414071559906,,,,,,,,,,,,,,,,,,,,,,,,,
297,0.6627218127250671,,,,,,,,,,,,,,,,,,,,,,,,,
298,0.6718011498451233,,,,,,,,,,,,,,,,,,,,,,,,,
299,0.7539666891098022,,,,,,,,,,,,,,,,,,,,,,,,,
300,0.6637887358665466,,,,,,,,,,,,,,,,,,,,,,,,,
301,0.6721587777137756,,,,,,,,,,,,,,,,,,,,,,,,,
302,0.792555570602417,,,,,,,,,,,,,,,,,,,,,,,,,
303,0.6340439319610596,,,,,,,,,,,,,,,,,,,,,,,,,
304,0.7004252076148987,,,,,,,,,,,,,,,,,,,,,,,,,
305,0.6552208065986633,,,,,,,,,,,,,,,,,,,,,,,,,
306,0.7105683088302612,,,,,,,,,,,,,,,,,,,,,,,,,
307,0.6967298984527588,,,,,,,,,,,,,,,,,,,,,,,,,
308,0.6693654656410217,,,,,,,,,,,,,,,,,,,,,,,,,
309,0.683398962020874,,,,,,,,,,,,,,,,,,,,,,,,,
310,0.756769597530365,,,,,,,,,,,,,,,,,,,,,,,,,
311,0.7017874121665955,,,,,,,,,,,,,,,,,,,,,,,,,
312,0.6967120170593262,,,,,,,,,,,,,,,,,,,,,,,,,
313,0.7220240235328674,,,,,,,,,,,,,,,,,,,,,,,,,
314,0.6738772392272949,,,,,,,,,,,,,,,,,,,,,,,,,
315,0.6909791827201843,,,,,,,,,,,,,,,,,,,,,,,,,
316,0.6787853240966797,,,,,,,,,,,,,,,,,,,,,,,,,
317,0.6745809316635132,,,,,,,,,,,,,,,,,,,,,,,,,
318,0.71071857213974,,,,,,,,,,,,,,,,,,,,,,,,,
319,0.6368421912193298,,,,,,,,,,,,,,,,,,,,,,,,,
320,0.6493096351623535,,,,,,,,,,,,,,,,,,,,,,,,,
321,0.6734569668769836,,,,,,,,,,,,,,,,,,,,,,,,,
322,0.6771653890609741,,,,,,,,,,,,,,,,,,,,,,,,,
323,0.6573978066444397,,,,,,,,,,,,,,,,,,,,,,,,,
324,0.653836727142334,,,,,,,,,,,,,,,,,,,,,,,,,
325,0.6951904296875,,,,,,,,,,,,,,,,,,,,,,,,,
326,0.6541203856468201,,,,,,,,,,,,,,,,,,,,,,,,,
327,0.6706597208976746,,,,,,,,,,,,,,,,,,,,,,,,,
328,0.6587477922439575,,,,,,,,,,,,,,,,,,,,,,,,,
329,0.7199255228042603,,,,,,,,,,,,,,,,,,,,,,,,,
330,0.6587159633636475,,,,,,,,,,,,,,,,,,,,,,,,,
331,0.6380227208137512,,,,,,,,,,,,,,,,,,,,,,,,,
332,0.8381440043449402,,,,,,,,,,,,,,,,,,,,,,,,,
333,0.732822597026825,,,,,,,,,,,,,,,,,,,,,,,,,
334,0.6403549313545227,,,,,,,,,,,,,,,,,,,,,,,,,
335,0.6613618731498718,,,,,,,,,,,,,,,,,,,,,,,,,
336,0.6684410572052002,,,,,,,,,,,,,,,,,,,,,,,,,
337,0.7381539940834045,,,,,,,,,,,,,,,,,,,,,,,,,
338,0.702775776386261,,,,,,,,,,,,,,,,,,,,,,,,,
339,0.6544122695922852,,,,,,,,,,,,,,,,,,,,,,,,,
340,,0.6929826736450195,,0.001,,"[[7.61452816e+01 4.77210218e+00 1.29833017e+01]
 [1.67599222e-02 3.85902567e-01 3.16662509e-02]
 [6.27722438e-01 1.55476460e-01 4.88178689e+00]]",,,[0.80538523 0.07197114 0.26133828],[0.89220319 0.13427812 0.41438253],[0.99160718 0.07262707 0.27277498],[0.81091295 0.88850341 0.86174742],[0.89433528 0.95050926 0.8620346 ],[0.81091295 0.88850341 0.86174742],,,,,,,,,,,,
341,,,0.7109482331709428,0.001,,,"[[7.55101059e+01 2.05117171e+00 1.60375463e+01]
 [8.88811619e-02 5.14020823e-01 2.58464364e-02]
 [6.05585888e-01 8.34106034e-02 5.08343115e+00]]",,,,,,,,[0.80080041 0.18601495 0.23280239],[0.88938275 0.31368061 0.37767998],[0.99088681 0.19407242 0.24038745],[0.80674204 0.8175302  0.88064008],[0.89150946 0.97851912 0.82952556],[0.80674204 0.8175302  0.88064008],,,,,,
342,0.8449270129203796,,,,,,,,,,,,,,,,,,,,,,,,,
343,0.648017168045044,,,,,,,,,,,,,,,,,,,,,,,,,
344,0.6550988554954529,,,,,,,,,,,,,,,,,,,,,,,,,
345,0.640231192111969,,,,,,,,,,,,,,,,,,,,,,,,,
346,0.6187381744384766,,,,,,,,,,,,,,,,,,,,,,,,,
347,0.6621162295341492,,,,,,,,,,,,,,,,,,,,,,,,,
348,0.6635491847991943,,,,,,,,,,,,,,,,,,,,,,,,,
349,0.6680975556373596,,,,,,,,,,,,,,,,,,,,,,,,,
350,0.6566697955131531,,,,,,,,,,,,,,,,,,,,,,,,,
351,0.6698889136314392,,,,,,,,,,,,,,,,,,,,,,,,,
352,0.6345686912536621,,,,,,,,,,,,,,,,,,,,,,,,,
353,0.6402384638786316,,,,,,,,,,,,,,,,,,,,,,,,,
354,0.6650875806808472,,,,,,,,,,,,,,,,,,,,,,,,,
355,0.6266744136810303,,,,,,,,,,,,,,,,,,,,,,,,,
356,0.6881894469261169,,,,,,,,,,,,,,,,,,,,,,,,,
357,0.6290801763534546,,,,,,,,,,,,,,,,,,,,,,,,,
358,0.6574868559837341,,,,,,,,,,,,,,,,,,,,,,,,,
359,0.633612334728241,,,,,,,,,,,,,,,,,,,,,,,,,
360,0.6586354970932007,,,,,,,,,,,,,,,,,,,,,,,,,
361,0.7035548686981201,,,,,,,,,,,,,,,,,,,,,,,,,
362,0.6976540088653564,,,,,,,,,,,,,,,,,,,,,,,,,
363,0.6497305631637573,,,,,,,,,,,,,,,,,,,,,,,,,
364,0.700245201587677,,,,,,,,,,,,,,,,,,,,,,,,,
365,0.6644977927207947,,,,,,,,,,,,,,,,,,,,,,,,,
366,0.642194390296936,,,,,,,,,,,,,,,,,,,,,,,,,
367,0.6450557708740234,,,,,,,,,,,,,,,,,,,,,,,,,
368,0.6436380743980408,,,,,,,,,,,,,,,,,,,,,,,,,
369,0.6530112028121948,,,,,,,,,,,,,,,,,,,,,,,,,
370,0.6579302549362183,,,,,,,,,,,,,,,,,,,,,,,,,
371,0.6827772855758667,,,,,,,,,,,,,,,,,,,,,,,,,
372,0.6732116341590881,,,,,,,,,,,,,,,,,,,,,,,,,
373,0.6722334027290344,,,,,,,,,,,,,,,,,,,,,,,,,
374,0.6693534255027771,,,,,,,,,,,,,,,,,,,,,,,,,
375,0.7066507339477539,,,,,,,,,,,,,,,,,,,,,,,,,
376,0.6530818343162537,,,,,,,,,,,,,,,,,,,,,,,,,
377,0.6667609810829163,,,,,,,,,,,,,,,,,,,,,,,,,
378,0.810566782951355,,,,,,,,,,,,,,,,,,,,,,,,,
379,0.6463444232940674,,,,,,,,,,,,,,,,,,,,,,,,,
380,0.7000545859336853,,,,,,,,,,,,,,,,,,,,,,,,,
381,0.7444948554039001,,,,,,,,,,,,,,,,,,,,,,,,,
382,0.6822443604469299,,,,,,,,,,,,,,,,,,,,,,,,,
383,0.6438475847244263,,,,,,,,,,,,,,,,,,,,,,,,,
384,0.7244725227355957,,,,,,,,,,,,,,,,,,,,,,,,,
385,0.6788156032562256,,,,,,,,,,,,,,,,,,,,,,,,,
386,0.6846463084220886,,,,,,,,,,,,,,,,,,,,,,,,,
387,0.6686309576034546,,,,,,,,,,,,,,,,,,,,,,,,,
388,0.7325165867805481,,,,,,,,,,,,,,,,,,,,,,,,,
389,0.6345903873443604,,,,,,,,,,,,,,,,,,,,,,,,,
390,0.6815155744552612,,,,,,,,,,,,,,,,,,,,,,,,,
391,0.6644805669784546,,,,,,,,,,,,,,,,,,,,,,,,,
392,0.7097141742706299,,,,,,,,,,,,,,,,,,,,,,,,,
393,0.6315396428108215,,,,,,,,,,,,,,,,,,,,,,,,,
394,0.6477258801460266,,,,,,,,,,,,,,,,,,,,,,,,,
395,0.6990103721618652,,,,,,,,,,,,,,,,,,,,,,,,,
396,0.7360966801643372,,,,,,,,,,,,,,,,,,,,,,,,,
397,0.6598763465881348,,,,,,,,,,,,,,,,,,,,,,,,,
398,0.6233223676681519,,,,,,,,,,,,,,,,,,,,,,,,,
399,0.8059044480323792,,,,,,,,,,,,,,,,,,,,,,,,,
400,0.6443353295326233,,,,,,,,,,,,,,,,,,,,,,,,,
401,0.641675591468811,,,,,,,,,,,,,,,,,,,,,,,,,
402,0.6386131644248962,,,,,,,,,,,,,,,,,,,,,,,,,
403,0.6943384408950806,,,,,,,,,,,,,,,,,,,,,,,,,
404,0.6632677316665649,,,,,,,,,,,,,,,,,,,,,,,,,
405,0.6855730414390564,,,,,,,,,,,,,,,,,,,,,,,,,
406,0.687655508518219,,,,,,,,,,,,,,,,,,,,,,,,,
407,0.6307676434516907,,,,,,,,,,,,,,,,,,,,,,,,,
408,0.6902563571929932,,,,,,,,,,,,,,,,,,,,,,,,,
409,0.678187906742096,,,,,,,,,,,,,,,,,,,,,,,,,
410,0.6546704173088074,,,,,,,,,,,,,,,,,,,,,,,,,
411,0.6714974045753479,,,,,,,,,,,,,,,,,,,,,,,,,
412,0.6571575999259949,,,,,,,,,,,,,,,,,,,,,,,,,
413,0.7681106925010681,,,,,,,,,,,,,,,,,,,,,,,,,
414,0.654240608215332,,,,,,,,,,,,,,,,,,,,,,,,,
415,0.6472671031951904,,,,,,,,,,,,,,,,,,,,,,,,,
416,0.6542354822158813,,,,,,,,,,,,,,,,,,,,,,,,,
417,0.6369209885597229,,,,,,,,,,,,,,,,,,,,,,,,,
418,0.6400625109672546,,,,,,,,,,,,,,,,,,,,,,,,,
419,0.6329233646392822,,,,,,,,,,,,,,,,,,,,,,,,,
420,0.6853528022766113,,,,,,,,,,,,,,,,,,,,,,,,,
421,0.6752636432647705,,,,,,,,,,,,,,,,,,,,,,,,,
422,0.7287143468856812,,,,,,,,,,,,,,,,,,,,,,,,,
423,0.6763253808021545,,,,,,,,,,,,,,,,,,,,,,,,,
424,0.7064471244812012,,,,,,,,,,,,,,,,,,,,,,,,,
425,0.6396176815032959,,,,,,,,,,,,,,,,,,,,,,,,,
426,0.6634771823883057,,,,,,,,,,,,,,,,,,,,,,,,,
427,0.7165858745574951,,,,,,,,,,,,,,,,,,,,,,,,,
428,0.6237613558769226,,,,,,,,,,,,,,,,,,,,,,,,,
429,0.6520881652832031,,,,,,,,,,,,,,,,,,,,,,,,,
430,0.7114199995994568,,,,,,,,,,,,,,,,,,,,,,,,,
431,0.7285311222076416,,,,,,,,,,,,,,,,,,,,,,,,,
432,0.6911393404006958,,,,,,,,,,,,,,,,,,,,,,,,,
433,0.6514479517936707,,,,,,,,,,,,,,,,,,,,,,,,,
434,0.6449126601219177,,,,,,,,,,,,,,,,,,,,,,,,,
435,0.6589186191558838,,,,,,,,,,,,,,,,,,,,,,,,,
436,0.6397109627723694,,,,,,,,,,,,,,,,,,,,,,,,,
437,0.6919989585876465,,,,,,,,,,,,,,,,,,,,,,,,,
438,0.7374452352523804,,,,,,,,,,,,,,,,,,,,,,,,,
439,0.644625723361969,,,,,,,,,,,,,,,,,,,,,,,,,
440,0.6571453213691711,,,,,,,,,,,,,,,,,,,,,,,,,
441,0.7201941013336182,,,,,,,,,,,,,,,,,,,,,,,,,
442,0.7246093153953552,,,,,,,,,,,,,,,,,,,,,,,,,
443,0.6133446097373962,,,,,,,,,,,,,,,,,,,,,,,,,
444,0.6287727952003479,,,,,,,,,,,,,,,,,,,,,,,,,
445,0.6695479154586792,,,,,,,,,,,,,,,,,,,,,,,,,
446,0.6681089997291565,,,,,,,,,,,,,,,,,,,,,,,,,
447,0.6617856025695801,,,,,,,,,,,,,,,,,,,,,,,,,
448,0.6457394957542419,,,,,,,,,,,,,,,,,,,,,,,,,
449,0.6990709900856018,,,,,,,,,,,,,,,,,,,,,,,,,
450,0.6438615322113037,,,,,,,,,,,,,,,,,,,,,,,,,
451,0.7143166661262512,,,,,,,,,,,,,,,,,,,,,,,,,
452,0.6337063908576965,,,,,,,,,,,,,,,,,,,,,,,,,
453,1.0699926614761353,,,,,,,,,,,,,,,,,,,,,,,,,
454,0.6375987529754639,,,,,,,,,,,,,,,,,,,,,,,,,
455,0.6310414671897888,,,,,,,,,,,,,,,,,,,,,,,,,
456,0.6656669974327087,,,,,,,,,,,,,,,,,,,,,,,,,
457,0.6569560170173645,,,,,,,,,,,,,,,,,,,,,,,,,
458,0.7239274382591248,,,,,,,,,,,,,,,,,,,,,,,,,
459,0.6683627367019653,,,,,,,,,,,,,,,,,,,,,,,,,
460,0.671603262424469,,,,,,,,,,,,,,,,,,,,,,,,,
461,0.6583302021026611,,,,,,,,,,,,,,,,,,,,,,,,,
462,0.7613199949264526,,,,,,,,,,,,,,,,,,,,,,,,,
463,0.6411266922950745,,,,,,,,,,,,,,,,,,,,,,,,,
464,0.6884002685546875,,,,,,,,,,,,,,,,,,,,,,,,,
465,0.6708153486251831,,,,,,,,,,,,,,,,,,,,,,,,,
466,0.6488745808601379,,,,,,,,,,,,,,,,,,,,,,,,,
467,0.6483023166656494,,,,,,,,,,,,,,,,,,,,,,,,,
468,0.7373870611190796,,,,,,,,,,,,,,,,,,,,,,,,,
469,0.702214777469635,,,,,,,,,,,,,,,,,,,,,,,,,
470,0.6962829232215881,,,,,,,,,,,,,,,,,,,,,,,,,
471,0.6510993838310242,,,,,,,,,,,,,,,,,,,,,,,,,
472,0.739771842956543,,,,,,,,,,,,,,,,,,,,,,,,,
473,0.640200674533844,,,,,,,,,,,,,,,,,,,,,,,,,
474,0.6542258858680725,,,,,,,,,,,,,,,,,,,,,,,,,
475,0.716254472732544,,,,,,,,,,,,,,,,,,,,,,,,,
476,0.6961635947227478,,,,,,,,,,,,,,,,,,,,,,,,,
477,0.6502087116241455,,,,,,,,,,,,,,,,,,,,,,,,,
478,0.6557438969612122,,,,,,,,,,,,,,,,,,,,,,,,,
479,0.7036322951316833,,,,,,,,,,,,,,,,,,,,,,,,,
480,0.6327154040336609,,,,,,,,,,,,,,,,,,,,,,,,,
481,0.6605833768844604,,,,,,,,,,,,,,,,,,,,,,,,,
482,0.6387838125228882,,,,,,,,,,,,,,,,,,,,,,,,,
483,0.7084600329399109,,,,,,,,,,,,,,,,,,,,,,,,,
484,0.6650093197822571,,,,,,,,,,,,,,,,,,,,,,,,,
485,0.9580019116401672,,,,,,,,,,,,,,,,,,,,,,,,,
486,0.6320802569389343,,,,,,,,,,,,,,,,,,,,,,,,,
487,0.6441968083381653,,,,,,,,,,,,,,,,,,,,,,,,,
488,0.7265836000442505,,,,,,,,,,,,,,,,,,,,,,,,,
489,0.9344452619552612,,,,,,,,,,,,,,,,,,,,,,,,,
490,0.6974390149116516,,,,,,,,,,,,,,,,,,,,,,,,,
491,0.6667112112045288,,,,,,,,,,,,,,,,,,,,,,,,,
492,0.7248160243034363,,,,,,,,,,,,,,,,,,,,,,,,,
493,0.6943647265434265,,,,,,,,,,,,,,,,,,,,,,,,,
494,0.6591011881828308,,,,,,,,,,,,,,,,,,,,,,,,,
495,0.6841509342193604,,,,,,,,,,,,,,,,,,,,,,,,,
496,0.6530359983444214,,,,,,,,,,,,,,,,,,,,,,,,,
497,0.659442663192749,,,,,,,,,,,,,,,,,,,,,,,,,
498,0.637147068977356,,,,,,,,,,,,,,,,,,,,,,,,,
499,0.6486862301826477,,,,,,,,,,,,,,,,,,,,,,,,,
500,0.6410861611366272,,,,,,,,,,,,,,,,,,,,,,,,,
501,0.6966392993927002,,,,,,,,,,,,,,,,,,,,,,,,,
502,0.6495407223701477,,,,,,,,,,,,,,,,,,,,,,,,,
503,0.6228395700454712,,,,,,,,,,,,,,,,,,,,,,,,,
504,0.6442245244979858,,,,,,,,,,,,,,,,,,,,,,,,,
505,0.9054391384124756,,,,,,,,,,,,,,,,,,,,,,,,,
506,0.6455069184303284,,,,,,,,,,,,,,,,,,,,,,,,,
507,0.681391179561615,,,,,,,,,,,,,,,,,,,,,,,,,
508,0.669800341129303,,,,,,,,,,,,,,,,,,,,,,,,,
509,0.6531137228012085,,,,,,,,,,,,,,,,,,,,,,,,,
510,0.665264368057251,,,,,,,,,,,,,,,,,,,,,,,,,
511,,0.6790459156036377,,0.001,,"[[7.76828519e+01 3.79827877e+00 1.24195548e+01]
 [1.49518075e-02 3.91180777e-01 2.81961555e-02]
 [5.94865714e-01 1.25559803e-01 4.94456027e+00]]",,,[0.82194941 0.08975809 0.27298803],[0.90227468 0.1647303  0.42889331],[0.99221105 0.09065563 0.28429576],[0.82728738 0.90065598 0.87282836],[0.90001868 0.96059045 0.86804739],[0.82728738 0.90065598 0.87282836],,,,,,,,,,,,
512,,,0.6808691187338396,0.001,,,"[[7.65617807e+01 4.07666755e+00 1.29603756e+01]
 [3.14156375e-02 5.80197729e-01 1.71350550e-02]
 [7.36435399e-01 9.28638600e-02 4.94312839e+00]]",,,,,,,,[0.81132223 0.12091786 0.26363438],[0.89583423 0.21574794 0.4172637 ],[0.99007042 0.12215386 0.27583438],[0.81797802 0.92278201 0.8563344 ],[0.88004532 0.95804087 0.86227481],[0.81797802 0.92278201 0.8563344 ],,,,,,
513,0.6773410439491272,,,,,,,,,,,,,,,,,,,,,,,,,
514,0.6641088128089905,,,,,,,,,,,,,,,,,,,,,,,,,
515,0.6350018978118896,,,,,,,,,,,,,,,,,,,,,,,,,
516,0.648991048336029,,,,,,,,,,,,,,,,,,,,,,,,,
517,0.6343005895614624,,,,,,,,,,,,,,,,,,,,,,,,,
518,0.6605557799339294,,,,,,,,,,,,,,,,,,,,,,,,,
519,0.8345823287963867,,,,,,,,,,,,,,,,,,,,,,,,,
520,0.7266852259635925,,,,,,,,,,,,,,,,,,,,,,,,,
521,0.653361976146698,,,,,,,,,,,,,,,,,,,,,,,,,
522,0.6408944725990295,,,,,,,,,,,,,,,,,,,,,,,,,
523,0.6400665640830994,,,,,,,,,,,,,,,,,,,,,,,,,
524,0.6560620069503784,,,,,,,,,,,,,,,,,,,,,,,,,
525,0.6508359909057617,,,,,,,,,,,,,,,,,,,,,,,,,
526,0.6234430074691772,,,,,,,,,,,,,,,,,,,,,,,,,
527,0.655562162399292,,,,,,,,,,,,,,,,,,,,,,,,,
528,0.6741137504577637,,,,,,,,,,,,,,,,,,,,,,,,,
529,0.6579926013946533,,,,,,,,,,,,,,,,,,,,,,,,,
530,0.6497389078140259,,,,,,,,,,,,,,,,,,,,,,,,,
531,0.6694613695144653,,,,,,,,,,,,,,,,,,,,,,,,,
532,0.7101721167564392,,,,,,,,,,,,,,,,,,,,,,,,,
533,0.7137662172317505,,,,,,,,,,,,,,,,,,,,,,,,,
534,0.6389415860176086,,,,,,,,,,,,,,,,,,,,,,,,,
535,0.6420637965202332,,,,,,,,,,,,,,,,,,,,,,,,,
536,0.6969788670539856,,,,,,,,,,,,,,,,,,,,,,,,,
537,0.6633713245391846,,,,,,,,,,,,,,,,,,,,,,,,,
538,0.6485150456428528,,,,,,,,,,,,,,,,,,,,,,,,,
539,0.611992359161377,,,,,,,,,,,,,,,,,,,,,,,,,
540,0.7220875024795532,,,,,,,,,,,,,,,,,,,,,,,,,
541,0.6697553992271423,,,,,,,,,,,,,,,,,,,,,,,,,
542,0.679134726524353,,,,,,,,,,,,,,,,,,,,,,,,,
543,0.621921181678772,,,,,,,,,,,,,,,,,,,,,,,,,
544,0.725442111492157,,,,,,,,,,,,,,,,,,,,,,,,,
545,0.640941858291626,,,,,,,,,,,,,,,,,,,,,,,,,
546,0.6299948692321777,,,,,,,,,,,,,,,,,,,,,,,,,
547,0.6485078930854797,,,,,,,,,,,,,,,,,,,,,,,,,
548,0.6376789212226868,,,,,,,,,,,,,,,,,,,,,,,,,
549,0.658449649810791,,,,,,,,,,,,,,,,,,,,,,,,,
550,0.6304972767829895,,,,,,,,,,,,,,,,,,,,,,,,,
551,0.6770575046539307,,,,,,,,,,,,,,,,,,,,,,,,,
552,0.7068273425102234,,,,,,,,,,,,,,,,,,,,,,,,,
553,0.6338832974433899,,,,,,,,,,,,,,,,,,,,,,,,,
554,0.6087800860404968,,,,,,,,,,,,,,,,,,,,,,,,,
555,0.6131755113601685,,,,,,,,,,,,,,,,,,,,,,,,,
556,0.6144330501556396,,,,,,,,,,,,,,,,,,,,,,,,,
557,0.7061365842819214,,,,,,,,,,,,,,,,,,,,,,,,,
558,0.6663023829460144,,,,,,,,,,,,,,,,,,,,,,,,,
559,0.6566257476806641,,,,,,,,,,,,,,,,,,,,,,,,,
560,0.6266363859176636,,,,,,,,,,,,,,,,,,,,,,,,,
561,0.6492318511009216,,,,,,,,,,,,,,,,,,,,,,,,,
562,0.6761968731880188,,,,,,,,,,,,,,,,,,,,,,,,,
563,0.6303299069404602,,,,,,,,,,,,,,,,,,,,,,,,,
564,0.6274176836013794,,,,,,,,,,,,,,,,,,,,,,,,,
565,0.6327517628669739,,,,,,,,,,,,,,,,,,,,,,,,,
566,0.6614609360694885,,,,,,,,,,,,,,,,,,,,,,,,,
567,0.6304032206535339,,,,,,,,,,,,,,,,,,,,,,,,,
568,0.6377538442611694,,,,,,,,,,,,,,,,,,,,,,,,,
569,0.8540921211242676,,,,,,,,,,,,,,,,,,,,,,,,,
570,0.7612132430076599,,,,,,,,,,,,,,,,,,,,,,,,,
571,0.642602801322937,,,,,,,,,,,,,,,,,,,,,,,,,
572,0.6216229200363159,,,,,,,,,,,,,,,,,,,,,,,,,
573,0.6649070382118225,,,,,,,,,,,,,,,,,,,,,,,,,
574,0.6603872179985046,,,,,,,,,,,,,,,,,,,,,,,,,
575,0.6266902089118958,,,,,,,,,,,,,,,,,,,,,,,,,
576,0.6626144647598267,,,,,,,,,,,,,,,,,,,,,,,,,
577,0.6274658441543579,,,,,,,,,,,,,,,,,,,,,,,,,
578,0.6502127051353455,,,,,,,,,,,,,,,,,,,,,,,,,
579,0.6088703274726868,,,,,,,,,,,,,,,,,,,,,,,,,
580,0.612712562084198,,,,,,,,,,,,,,,,,,,,,,,,,
581,0.6543071269989014,,,,,,,,,,,,,,,,,,,,,,,,,
582,0.6456274390220642,,,,,,,,,,,,,,,,,,,,,,,,,
583,0.638484537601471,,,,,,,,,,,,,,,,,,,,,,,,,
584,0.6496392488479614,,,,,,,,,,,,,,,,,,,,,,,,,
585,0.6442641615867615,,,,,,,,,,,,,,,,,,,,,,,,,
586,0.9186888337135315,,,,,,,,,,,,,,,,,,,,,,,,,
587,0.6622278690338135,,,,,,,,,,,,,,,,,,,,,,,,,
588,0.6601285338401794,,,,,,,,,,,,,,,,,,,,,,,,,
589,0.6402723789215088,,,,,,,,,,,,,,,,,,,,,,,,,
590,0.6272540092468262,,,,,,,,,,,,,,,,,,,,,,,,,
591,0.6494644284248352,,,,,,,,,,,,,,,,,,,,,,,,,
592,0.7149705290794373,,,,,,,,,,,,,,,,,,,,,,,,,
593,0.6427100896835327,,,,,,,,,,,,,,,,,,,,,,,,,
594,0.6398223042488098,,,,,,,,,,,,,,,,,,,,,,,,,
595,0.6392562985420227,,,,,,,,,,,,,,,,,,,,,,,,,
596,0.682925283908844,,,,,,,,,,,,,,,,,,,,,,,,,
597,0.6874315738677979,,,,,,,,,,,,,,,,,,,,,,,,,
598,0.6583377122879028,,,,,,,,,,,,,,,,,,,,,,,,,
599,1.0271525382995605,,,,,,,,,,,,,,,,,,,,,,,,,
600,0.6872431635856628,,,,,,,,,,,,,,,,,,,,,,,,,
601,0.6392660140991211,,,,,,,,,,,,,,,,,,,,,,,,,
602,0.6602131724357605,,,,,,,,,,,,,,,,,,,,,,,,,
603,0.6539121866226196,,,,,,,,,,,,,,,,,,,,,,,,,
604,0.6472658514976501,,,,,,,,,,,,,,,,,,,,,,,,,
605,0.6175848841667175,,,,,,,,,,,,,,,,,,,,,,,,,
606,0.6182006597518921,,,,,,,,,,,,,,,,,,,,,,,,,
607,0.6575861573219299,,,,,,,,,,,,,,,,,,,,,,,,,
608,0.6768748164176941,,,,,,,,,,,,,,,,,,,,,,,,,
609,0.6411013603210449,,,,,,,,,,,,,,,,,,,,,,,,,
610,0.6652507185935974,,,,,,,,,,,,,,,,,,,,,,,,,
611,0.6330602765083313,,,,,,,,,,,,,,,,,,,,,,,,,
612,0.6401824951171875,,,,,,,,,,,,,,,,,,,,,,,,,
613,0.7836384773254395,,,,,,,,,,,,,,,,,,,,,,,,,
614,0.6436640024185181,,,,,,,,,,,,,,,,,,,,,,,,,
615,0.6603077054023743,,,,,,,,,,,,,,,,,,,,,,,,,
616,0.6583988666534424,,,,,,,,,,,,,,,,,,,,,,,,,
617,0.6575741171836853,,,,,,,,,,,,,,,,,,,,,,,,,
618,0.7001041769981384,,,,,,,,,,,,,,,,,,,,,,,,,
619,0.682098388671875,,,,,,,,,,,,,,,,,,,,,,,,,
620,0.6408100128173828,,,,,,,,,,,,,,,,,,,,,,,,,
621,0.6797521114349365,,,,,,,,,,,,,,,,,,,,,,,,,
622,0.734124481678009,,,,,,,,,,,,,,,,,,,,,,,,,
623,0.6351372003555298,,,,,,,,,,,,,,,,,,,,,,,,,
624,0.714809000492096,,,,,,,,,,,,,,,,,,,,,,,,,
625,0.6905354857444763,,,,,,,,,,,,,,,,,,,,,,,,,
626,0.6418508887290955,,,,,,,,,,,,,,,,,,,,,,,,,
627,0.6287471055984497,,,,,,,,,,,,,,,,,,,,,,,,,
628,0.6900185346603394,,,,,,,,,,,,,,,,,,,,,,,,,
629,0.6731564998626709,,,,,,,,,,,,,,,,,,,,,,,,,
630,0.7129976153373718,,,,,,,,,,,,,,,,,,,,,,,,,
631,0.6738929748535156,,,,,,,,,,,,,,,,,,,,,,,,,
632,0.6640048027038574,,,,,,,,,,,,,,,,,,,,,,,,,
633,0.6813108921051025,,,,,,,,,,,,,,,,,,,,,,,,,
634,0.7060478329658508,,,,,,,,,,,,,,,,,,,,,,,,,
635,0.6966182589530945,,,,,,,,,,,,,,,,,,,,,,,,,
636,0.6664901375770569,,,,,,,,,,,,,,,,,,,,,,,,,
637,0.7760883569717407,,,,,,,,,,,,,,,,,,,,,,,,,
638,0.6590909957885742,,,,,,,,,,,,,,,,,,,,,,,,,
639,0.7078060507774353,,,,,,,,,,,,,,,,,,,,,,,,,
640,0.7123943567276001,,,,,,,,,,,,,,,,,,,,,,,,,
641,0.6866815090179443,,,,,,,,,,,,,,,,,,,,,,,,,
642,0.6873213052749634,,,,,,,,,,,,,,,,,,,,,,,,,
643,0.7385781407356262,,,,,,,,,,,,,,,,,,,,,,,,,
644,0.7118116021156311,,,,,,,,,,,,,,,,,,,,,,,,,
645,0.7040701508522034,,,,,,,,,,,,,,,,,,,,,,,,,
646,0.7014676332473755,,,,,,,,,,,,,,,,,,,,,,,,,
647,0.728042721748352,,,,,,,,,,,,,,,,,,,,,,,,,
648,0.7069360017776489,,,,,,,,,,,,,,,,,,,,,,,,,
649,0.6926016807556152,,,,,,,,,,,,,,,,,,,,,,,,,
650,0.6731445789337158,,,,,,,,,,,,,,,,,,,,,,,,,
651,0.7005216479301453,,,,,,,,,,,,,,,,,,,,,,,,,
652,0.7773454189300537,,,,,,,,,,,,,,,,,,,,,,,,,
653,0.6659060120582581,,,,,,,,,,,,,,,,,,,,,,,,,
654,0.687061607837677,,,,,,,,,,,,,,,,,,,,,,,,,
655,0.6570092439651489,,,,,,,,,,,,,,,,,,,,,,,,,
656,0.6486601829528809,,,,,,,,,,,,,,,,,,,,,,,,,
657,0.746103823184967,,,,,,,,,,,,,,,,,,,,,,,,,
658,0.6655228734016418,,,,,,,,,,,,,,,,,,,,,,,,,
659,0.7039533257484436,,,,,,,,,,,,,,,,,,,,,,,,,
660,0.6576434373855591,,,,,,,,,,,,,,,,,,,,,,,,,
661,0.6974406838417053,,,,,,,,,,,,,,,,,,,,,,,,,
662,0.6829593181610107,,,,,,,,,,,,,,,,,,,,,,,,,
663,0.9768165349960327,,,,,,,,,,,,,,,,,,,,,,,,,
664,0.6513601541519165,,,,,,,,,,,,,,,,,,,,,,,,,
665,0.665075421333313,,,,,,,,,,,,,,,,,,,,,,,,,
666,0.7028669118881226,,,,,,,,,,,,,,,,,,,,,,,,,
667,0.6804935336112976,,,,,,,,,,,,,,,,,,,,,,,,,
668,0.6149736046791077,,,,,,,,,,,,,,,,,,,,,,,,,
669,0.6341311931610107,,,,,,,,,,,,,,,,,,,,,,,,,
670,0.628068208694458,,,,,,,,,,,,,,,,,,,,,,,,,
671,0.6647475957870483,,,,,,,,,,,,,,,,,,,,,,,,,
672,0.6357113122940063,,,,,,,,,,,,,,,,,,,,,,,,,
673,0.8215644955635071,,,,,,,,,,,,,,,,,,,,,,,,,
674,0.6354917883872986,,,,,,,,,,,,,,,,,,,,,,,,,
675,0.6567903161048889,,,,,,,,,,,,,,,,,,,,,,,,,
676,0.653573751449585,,,,,,,,,,,,,,,,,,,,,,,,,
677,0.6453679800033569,,,,,,,,,,,,,,,,,,,,,,,,,
678,0.6610656380653381,,,,,,,,,,,,,,,,,,,,,,,,,
679,0.6527568697929382,,,,,,,,,,,,,,,,,,,,,,,,,
680,0.659828245639801,,,,,,,,,,,,,,,,,,,,,,,,,
681,0.6546589136123657,,,,,,,,,,,,,,,,,,,,,,,,,
682,,0.6733752489089966,,0.001,,"[[7.81512677e+01 3.67855462e+00 1.20708632e+01]
 [1.22675581e-02 3.94799347e-01 2.72618347e-02]
 [5.47302968e-01 1.53341968e-01 4.96434085e+00]]",,,[0.8273455  0.09254067 0.27947474],[0.90551623 0.16940453 0.43685856],[0.99289081 0.09340614 0.29095096],[0.8322758  0.90898739 0.87632009],[0.90825682 0.96151388 0.87175361],[0.8322758  0.90898739 0.87632009],,,,,,,,,,,,
683,,,0.6808641238646074,0.001,,,"[[7.04877202e+01 8.71467565e+00 1.43964281e+01]
 [1.08116484e-02 6.08374599e-01 9.56217448e-03]
 [5.53860135e-01 1.71134769e-01 5.04743274e+00]]",,,,,,,,[0.74856737 0.06394144 0.25014016],[0.85620649 0.12019729 0.40017939],[0.99205274 0.06407865 0.25946245],[0.7530834  0.96759622 0.87440381],[0.91178624 0.91057967 0.84711492],[0.7530834  0.96759622 0.87440381],,,,,,
684,0.6655216217041016,,,,,,,,,,,,,,,,,,,,,,,,,
685,0.6730442047119141,,,,,,,,,,,,,,,,,,,,,,,,,
686,0.6990628242492676,,,,,,,,,,,,,,,,,,,,,,,,,
687,0.7558010220527649,,,,,,,,,,,,,,,,,,,,,,,,,
688,0.6328667998313904,,,,,,,,,,,,,,,,,,,,,,,,,
689,0.6321864724159241,,,,,,,,,,,,,,,,,,,,,,,,,
690,0.6823250651359558,,,,,,,,,,,,,,,,,,,,,,,,,
691,0.6679445505142212,,,,,,,,,,,,,,,,,,,,,,,,,
692,0.6632574796676636,,,,,,,,,,,,,,,,,,,,,,,,,
693,0.6563965082168579,,,,,,,,,,,,,,,,,,,,,,,,,
694,0.6214719414710999,,,,,,,,,,,,,,,,,,,,,,,,,
695,0.6564207077026367,,,,,,,,,,,,,,,,,,,,,,,,,
696,0.6453839540481567,,,,,,,,,,,,,,,,,,,,,,,,,
697,0.6771233081817627,,,,,,,,,,,,,,,,,,,,,,,,,
698,0.6541175246238708,,,,,,,,,,,,,,,,,,,,,,,,,
699,0.6879106760025024,,,,,,,,,,,,,,,,,,,,,,,,,
700,0.6590191125869751,,,,,,,,,,,,,,,,,,,,,,,,,
701,0.6342149972915649,,,,,,,,,,,,,,,,,,,,,,,,,
702,0.6771564483642578,,,,,,,,,,,,,,,,,,,,,,,,,
703,0.6681287288665771,,,,,,,,,,,,,,,,,,,,,,,,,
704,0.6369929313659668,,,,,,,,,,,,,,,,,,,,,,,,,
705,0.6312794089317322,,,,,,,,,,,,,,,,,,,,,,,,,
706,0.6716687083244324,,,,,,,,,,,,,,,,,,,,,,,,,
707,0.6413450241088867,,,,,,,,,,,,,,,,,,,,,,,,,
708,0.6637768745422363,,,,,,,,,,,,,,,,,,,,,,,,,
709,0.6823176145553589,,,,,,,,,,,,,,,,,,,,,,,,,
710,0.6550216674804688,,,,,,,,,,,,,,,,,,,,,,,,,
711,0.6642732620239258,,,,,,,,,,,,,,,,,,,,,,,,,
712,0.6185303926467896,,,,,,,,,,,,,,,,,,,,,,,,,
713,0.6330248713493347,,,,,,,,,,,,,,,,,,,,,,,,,
714,0.6923250555992126,,,,,,,,,,,,,,,,,,,,,,,,,
715,0.663158655166626,,,,,,,,,,,,,,,,,,,,,,,,,
716,0.6281217932701111,,,,,,,,,,,,,,,,,,,,,,,,,
717,0.6735971570014954,,,,,,,,,,,,,,,,,,,,,,,,,
718,0.6367967128753662,,,,,,,,,,,,,,,,,,,,,,,,,
719,0.6347774267196655,,,,,,,,,,,,,,,,,,,,,,,,,
720,0.6852505803108215,,,,,,,,,,,,,,,,,,,,,,,,,
721,0.6794845461845398,,,,,,,,,,,,,,,,,,,,,,,,,
722,0.673142671585083,,,,,,,,,,,,,,,,,,,,,,,,,
723,0.6475949287414551,,,,,,,,,,,,,,,,,,,,,,,,,
724,0.7442215085029602,,,,,,,,,,,,,,,,,,,,,,,,,
725,0.6387019753456116,,,,,,,,,,,,,,,,,,,,,,,,,
726,0.6384626626968384,,,,,,,,,,,,,,,,,,,,,,,,,
727,0.6624884605407715,,,,,,,,,,,,,,,,,,,,,,,,,
728,0.671802818775177,,,,,,,,,,,,,,,,,,,,,,,,,
729,0.7271714806556702,,,,,,,,,,,,,,,,,,,,,,,,,
730,0.6448079347610474,,,,,,,,,,,,,,,,,,,,,,,,,
731,0.6240151524543762,,,,,,,,,,,,,,,,,,,,,,,,,
732,0.6595524549484253,,,,,,,,,,,,,,,,,,,,,,,,,
733,0.6434142589569092,,,,,,,,,,,,,,,,,,,,,,,,,
734,0.6492192149162292,,,,,,,,,,,,,,,,,,,,,,,,,
735,0.6724056601524353,,,,,,,,,,,,,,,,,,,,,,,,,
736,0.6479203104972839,,,,,,,,,,,,,,,,,,,,,,,,,
737,0.7002625465393066,,,,,,,,,,,,,,,,,,,,,,,,,
738,0.7940188050270081,,,,,,,,,,,,,,,,,,,,,,,,,
739,0.6526104807853699,,,,,,,,,,,,,,,,,,,,,,,,,
740,0.6449443697929382,,,,,,,,,,,,,,,,,,,,,,,,,
741,0.6722714304924011,,,,,,,,,,,,,,,,,,,,,,,,,
742,0.6651902794837952,,,,,,,,,,,,,,,,,,,,,,,,,
743,0.9787898659706116,,,,,,,,,,,,,,,,,,,,,,,,,
744,0.6624652147293091,,,,,,,,,,,,,,,,,,,,,,,,,
745,0.7088549137115479,,,,,,,,,,,,,,,,,,,,,,,,,
746,0.6719247102737427,,,,,,,,,,,,,,,,,,,,,,,,,
747,0.6214095950126648,,,,,,,,,,,,,,,,,,,,,,,,,
748,0.637081503868103,,,,,,,,,,,,,,,,,,,,,,,,,
749,0.668785035610199,,,,,,,,,,,,,,,,,,,,,,,,,
750,0.6230469346046448,,,,,,,,,,,,,,,,,,,,,,,,,
751,0.7205908894538879,,,,,,,,,,,,,,,,,,,,,,,,,
752,0.6759494543075562,,,,,,,,,,,,,,,,,,,,,,,,,
753,0.7568211555480957,,,,,,,,,,,,,,,,,,,,,,,,,
754,0.8456783294677734,,,,,,,,,,,,,,,,,,,,,,,,,
755,0.6284212470054626,,,,,,,,,,,,,,,,,,,,,,,,,
756,0.6989392638206482,,,,,,,,,,,,,,,,,,,,,,,,,
757,0.6120163202285767,,,,,,,,,,,,,,,,,,,,,,,,,
758,0.6541831493377686,,,,,,,,,,,,,,,,,,,,,,,,,
759,0.6197586059570312,,,,,,,,,,,,,,,,,,,,,,,,,
760,0.6565282344818115,,,,,,,,,,,,,,,,,,,,,,,,,
761,0.6145949363708496,,,,,,,,,,,,,,,,,,,,,,,,,
762,0.6819877624511719,,,,,,,,,,,,,,,,,,,,,,,,,
763,1.0535283088684082,,,,,,,,,,,,,,,,,,,,,,,,,
764,0.6170745491981506,,,,,,,,,,,,,,,,,,,,,,,,,
765,0.6167619228363037,,,,,,,,,,,,,,,,,,,,,,,,,
766,0.6659182906150818,,,,,,,,,,,,,,,,,,,,,,,,,
767,0.6457048654556274,,,,,,,,,,,,,,,,,,,,,,,,,
768,0.6390659213066101,,,,,,,,,,,,,,,,,,,,,,,,,
769,0.6564393043518066,,,,,,,,,,,,,,,,,,,,,,,,,
770,0.7000283002853394,,,,,,,,,,,,,,,,,,,,,,,,,
771,0.6653453707695007,,,,,,,,,,,,,,,,,,,,,,,,,
772,0.634016752243042,,,,,,,,,,,,,,,,,,,,,,,,,
773,0.6492147445678711,,,,,,,,,,,,,,,,,,,,,,,,,
774,0.6505489349365234,,,,,,,,,,,,,,,,,,,,,,,,,
775,0.6403814554214478,,,,,,,,,,,,,,,,,,,,,,,,,
776,0.6506854295730591,,,,,,,,,,,,,,,,,,,,,,,,,
777,0.6247850656509399,,,,,,,,,,,,,,,,,,,,,,,,,
778,0.6423847675323486,,,,,,,,,,,,,,,,,,,,,,,,,
779,0.63619464635849,,,,,,,,,,,,,,,,,,,,,,,,,
780,0.7118471264839172,,,,,,,,,,,,,,,,,,,,,,,,,
781,0.6445942521095276,,,,,,,,,,,,,,,,,,,,,,,,,
782,0.6118233799934387,,,,,,,,,,,,,,,,,,,,,,,,,
783,0.6405659317970276,,,,,,,,,,,,,,,,,,,,,,,,,
784,0.6283441781997681,,,,,,,,,,,,,,,,,,,,,,,,,
785,0.6476742625236511,,,,,,,,,,,,,,,,,,,,,,,,,
786,0.6332557201385498,,,,,,,,,,,,,,,,,,,,,,,,,
787,0.6490439176559448,,,,,,,,,,,,,,,,,,,,,,,,,
788,0.6862376928329468,,,,,,,,,,,,,,,,,,,,,,,,,
789,0.6455103754997253,,,,,,,,,,,,,,,,,,,,,,,,,
790,0.6570678353309631,,,,,,,,,,,,,,,,,,,,,,,,,
791,0.6401211023330688,,,,,,,,,,,,,,,,,,,,,,,,,
792,0.6400340795516968,,,,,,,,,,,,,,,,,,,,,,,,,
793,0.6707571744918823,,,,,,,,,,,,,,,,,,,,,,,,,
794,0.6783841252326965,,,,,,,,,,,,,,,,,,,,,,,,,
795,0.619005024433136,,,,,,,,,,,,,,,,,,,,,,,,,
796,0.6278222799301147,,,,,,,,,,,,,,,,,,,,,,,,,
797,0.6380599141120911,,,,,,,,,,,,,,,,,,,,,,,,,
798,0.6571429371833801,,,,,,,,,,,,,,,,,,,,,,,,,
799,0.6197397112846375,,,,,,,,,,,,,,,,,,,,,,,,,
800,0.6342003345489502,,,,,,,,,,,,,,,,,,,,,,,,,
801,0.6600695252418518,,,,,,,,,,,,,,,,,,,,,,,,,
802,0.9907788038253784,,,,,,,,,,,,,,,,,,,,,,,,,
803,0.6754778623580933,,,,,,,,,,,,,,,,,,,,,,,,,
804,0.6526787877082825,,,,,,,,,,,,,,,,,,,,,,,,,
805,0.6652300357818604,,,,,,,,,,,,,,,,,,,,,,,,,
806,0.6242560744285583,,,,,,,,,,,,,,,,,,,,,,,,,
807,0.6601235866546631,,,,,,,,,,,,,,,,,,,,,,,,,
808,0.6391620635986328,,,,,,,,,,,,,,,,,,,,,,,,,
809,0.6617562174797058,,,,,,,,,,,,,,,,,,,,,,,,,
810,0.6529024839401245,,,,,,,,,,,,,,,,,,,,,,,,,
811,0.654561460018158,,,,,,,,,,,,,,,,,,,,,,,,,
812,0.6820869445800781,,,,,,,,,,,,,,,,,,,,,,,,,
813,0.6784109473228455,,,,,,,,,,,,,,,,,,,,,,,,,
814,0.645352303981781,,,,,,,,,,,,,,,,,,,,,,,,,
815,0.661325991153717,,,,,,,,,,,,,,,,,,,,,,,,,
816,0.6505562663078308,,,,,,,,,,,,,,,,,,,,,,,,,
817,0.6253888607025146,,,,,,,,,,,,,,,,,,,,,,,,,
818,0.7439659237861633,,,,,,,,,,,,,,,,,,,,,,,,,
819,0.630316436290741,,,,,,,,,,,,,,,,,,,,,,,,,
820,0.6672859191894531,,,,,,,,,,,,,,,,,,,,,,,,,
821,0.6668161749839783,,,,,,,,,,,,,,,,,,,,,,,,,
822,0.6207610368728638,,,,,,,,,,,,,,,,,,,,,,,,,
823,0.6530129909515381,,,,,,,,,,,,,,,,,,,,,,,,,
824,0.6354384422302246,,,,,,,,,,,,,,,,,,,,,,,,,
825,0.6237096190452576,,,,,,,,,,,,,,,,,,,,,,,,,
826,0.9188233017921448,,,,,,,,,,,,,,,,,,,,,,,,,
827,0.6443234086036682,,,,,,,,,,,,,,,,,,,,,,,,,
828,0.637392520904541,,,,,,,,,,,,,,,,,,,,,,,,,
829,0.6424846649169922,,,,,,,,,,,,,,,,,,,,,,,,,
830,0.6177538633346558,,,,,,,,,,,,,,,,,,,,,,,,,
831,0.6621994376182556,,,,,,,,,,,,,,,,,,,,,,,,,
832,0.6125857830047607,,,,,,,,,,,,,,,,,,,,,,,,,
833,0.693908154964447,,,,,,,,,,,,,,,,,,,,,,,,,
834,0.6327834725379944,,,,,,,,,,,,,,,,,,,,,,,,,
835,0.8039091229438782,,,,,,,,,,,,,,,,,,,,,,,,,
836,0.6689976453781128,,,,,,,,,,,,,,,,,,,,,,,,,
837,0.6253528594970703,,,,,,,,,,,,,,,,,,,,,,,,,
838,0.64793461561203,,,,,,,,,,,,,,,,,,,,,,,,,
839,0.6576433181762695,,,,,,,,,,,,,,,,,,,,,,,,,
840,0.6321438550949097,,,,,,,,,,,,,,,,,,,,,,,,,
841,0.6799899339675903,,,,,,,,,,,,,,,,,,,,,,,,,
842,0.6893360614776611,,,,,,,,,,,,,,,,,,,,,,,,,
843,0.6832513809204102,,,,,,,,,,,,,,,,,,,,,,,,,
844,0.689347505569458,,,,,,,,,,,,,,,,,,,,,,,,,
845,0.6932379603385925,,,,,,,,,,,,,,,,,,,,,,,,,
846,0.6386866569519043,,,,,,,,,,,,,,,,,,,,,,,,,
847,0.6662062406539917,,,,,,,,,,,,,,,,,,,,,,,,,
848,0.6346856951713562,,,,,,,,,,,,,,,,,,,,,,,,,
849,0.645520806312561,,,,,,,,,,,,,,,,,,,,,,,,,
850,0.6440407633781433,,,,,,,,,,,,,,,,,,,,,,,,,
851,0.6436302661895752,,,,,,,,,,,,,,,,,,,,,,,,,
852,0.6713737845420837,,,,,,,,,,,,,,,,,,,,,,,,,
853,,0.6667539477348328,,0.001,,"[[7.84996031e+01 3.49976696e+00 1.19013154e+01]
 [9.81772492e-03 3.99830768e-01 2.46802469e-02]
 [5.37483571e-01 1.16441983e-01 5.01106023e+00]]",,,[0.83114109 0.09871054 0.2848653 ],[0.90778487 0.17968434 0.4434166 ],[0.99307625 0.09955847 0.29586371],[0.83598541 0.92057175 0.88456713],[0.91026839 0.96368016 0.87357827],[0.83598541 0.92057175 0.88456713],,,,,,,,,,,,
854,,,0.6839131767099554,0.001,,,"[[7.94913675e+01 3.72098056e+00 1.03864758e+01]
 [4.46584169e-02 5.76802777e-01 7.28722775e-03]
 [8.40055421e-01 1.99607567e-01 4.73276466e+00]]",,,,,,,,[0.84132505 0.12678833 0.29275695],[0.91382567 0.22504374 0.45291878],[0.98899282 0.12825276 0.31287846],[0.84927742 0.91738247 0.81989155],[0.86178886 0.96054605 0.8896951 ],[0.84927742 0.91738247 0.81989155],,,,,,
855,0.6793860793113708,,,,,,,,,,,,,,,,,,,,,,,,,
856,0.6636192202568054,,,,,,,,,,,,,,,,,,,,,,,,,
857,0.6850946545600891,,,,,,,,,,,,,,,,,,,,,,,,,
858,0.6686496734619141,,,,,,,,,,,,,,,,,,,,,,,,,
859,0.6371800899505615,,,,,,,,,,,,,,,,,,,,,,,,,
860,0.6340200304985046,,,,,,,,,,,,,,,,,,,,,,,,,
861,0.6373423337936401,,,,,,,,,,,,,,,,,,,,,,,,,
862,0.6345142126083374,,,,,,,,,,,,,,,,,,,,,,,,,
863,0.6943826675415039,,,,,,,,,,,,,,,,,,,,,,,,,
864,0.6055696606636047,,,,,,,,,,,,,,,,,,,,,,,,,
865,0.6346684694290161,,,,,,,,,,,,,,,,,,,,,,,,,
866,0.6631453633308411,,,,,,,,,,,,,,,,,,,,,,,,,
867,0.673556387424469,,,,,,,,,,,,,,,,,,,,,,,,,
868,0.6412158608436584,,,,,,,,,,,,,,,,,,,,,,,,,
869,0.6383112668991089,,,,,,,,,,,,,,,,,,,,,,,,,
870,0.9066500663757324,,,,,,,,,,,,,,,,,,,,,,,,,
871,0.6435840129852295,,,,,,,,,,,,,,,,,,,,,,,,,
872,0.6579957008361816,,,,,,,,,,,,,,,,,,,,,,,,,
873,0.6816807389259338,,,,,,,,,,,,,,,,,,,,,,,,,
874,0.6994775533676147,,,,,,,,,,,,,,,,,,,,,,,,,
875,1.045650839805603,,,,,,,,,,,,,,,,,,,,,,,,,
876,0.6160849928855896,,,,,,,,,,,,,,,,,,,,,,,,,
877,0.6576145887374878,,,,,,,,,,,,,,,,,,,,,,,,,
878,0.6473032832145691,,,,,,,,,,,,,,,,,,,,,,,,,
879,0.689382791519165,,,,,,,,,,,,,,,,,,,,,,,,,
880,0.6581816673278809,,,,,,,,,,,,,,,,,,,,,,,,,
881,0.6590867638587952,,,,,,,,,,,,,,,,,,,,,,,,,
882,0.6878264546394348,,,,,,,,,,,,,,,,,,,,,,,,,
883,0.9170360565185547,,,,,,,,,,,,,,,,,,,,,,,,,
884,0.6520557999610901,,,,,,,,,,,,,,,,,,,,,,,,,
885,0.7054617404937744,,,,,,,,,,,,,,,,,,,,,,,,,
886,0.6454718708992004,,,,,,,,,,,,,,,,,,,,,,,,,
887,0.77687007188797,,,,,,,,,,,,,,,,,,,,,,,,,
888,0.6501219868659973,,,,,,,,,,,,,,,,,,,,,,,,,
889,0.6474277973175049,,,,,,,,,,,,,,,,,,,,,,,,,
890,0.6329842805862427,,,,,,,,,,,,,,,,,,,,,,,,,
891,0.6564849615097046,,,,,,,,,,,,,,,,,,,,,,,,,
892,0.6474458575248718,,,,,,,,,,,,,,,,,,,,,,,,,
893,1.00118088722229,,,,,,,,,,,,,,,,,,,,,,,,,
894,0.6642305850982666,,,,,,,,,,,,,,,,,,,,,,,,,
895,0.6291752457618713,,,,,,,,,,,,,,,,,,,,,,,,,
896,0.6504135727882385,,,,,,,,,,,,,,,,,,,,,,,,,
897,0.6719951033592224,,,,,,,,,,,,,,,,,,,,,,,,,
898,0.6941261291503906,,,,,,,,,,,,,,,,,,,,,,,,,
899,0.6762386560440063,,,,,,,,,,,,,,,,,,,,,,,,,
900,0.780347466468811,,,,,,,,,,,,,,,,,,,,,,,,,
901,0.634842574596405,,,,,,,,,,,,,,,,,,,,,,,,,
902,0.6729972958564758,,,,,,,,,,,,,,,,,,,,,,,,,
903,0.6235546469688416,,,,,,,,,,,,,,,,,,,,,,,,,
904,0.6450599431991577,,,,,,,,,,,,,,,,,,,,,,,,,
905,0.6417132616043091,,,,,,,,,,,,,,,,,,,,,,,,,
906,0.6591236591339111,,,,,,,,,,,,,,,,,,,,,,,,,
907,0.6357099413871765,,,,,,,,,,,,,,,,,,,,,,,,,
908,0.6367783546447754,,,,,,,,,,,,,,,,,,,,,,,,,
909,0.6550052762031555,,,,,,,,,,,,,,,,,,,,,,,,,
910,0.6681287884712219,,,,,,,,,,,,,,,,,,,,,,,,,
911,0.6834604740142822,,,,,,,,,,,,,,,,,,,,,,,,,
912,0.6663734316825867,,,,,,,,,,,,,,,,,,,,,,,,,
913,0.6537755727767944,,,,,,,,,,,,,,,,,,,,,,,,,
914,0.6447452902793884,,,,,,,,,,,,,,,,,,,,,,,,,
915,0.6343199610710144,,,,,,,,,,,,,,,,,,,,,,,,,
916,0.6421883702278137,,,,,,,,,,,,,,,,,,,,,,,,,
917,0.6651095747947693,,,,,,,,,,,,,,,,,,,,,,,,,
918,0.6380853056907654,,,,,,,,,,,,,,,,,,,,,,,,,
919,0.6487104296684265,,,,,,,,,,,,,,,,,,,,,,,,,
920,0.6416510343551636,,,,,,,,,,,,,,,,,,,,,,,,,
921,0.648400068283081,,,,,,,,,,,,,,,,,,,,,,,,,
922,0.6247459650039673,,,,,,,,,,,,,,,,,,,,,,,,,
923,0.7105072140693665,,,,,,,,,,,,,,,,,,,,,,,,,
924,0.658535897731781,,,,,,,,,,,,,,,,,,,,,,,,,
925,0.623916506767273,,,,,,,,,,,,,,,,,,,,,,,,,
926,0.6345016360282898,,,,,,,,,,,,,,,,,,,,,,,,,
927,0.6398220658302307,,,,,,,,,,,,,,,,,,,,,,,,,
928,0.6326271891593933,,,,,,,,,,,,,,,,,,,,,,,,,
929,0.6277324557304382,,,,,,,,,,,,,,,,,,,,,,,,,
930,0.6149245500564575,,,,,,,,,,,,,,,,,,,,,,,,,
931,0.627380907535553,,,,,,,,,,,,,,,,,,,,,,,,,
932,0.6931198239326477,,,,,,,,,,,,,,,,,,,,,,,,,
933,0.7290932536125183,,,,,,,,,,,,,,,,,,,,,,,,,
934,0.6318303942680359,,,,,,,,,,,,,,,,,,,,,,,,,
935,0.62822026014328,,,,,,,,,,,,,,,,,,,,,,,,,
936,0.6311799883842468,,,,,,,,,,,,,,,,,,,,,,,,,
937,0.6586151123046875,,,,,,,,,,,,,,,,,,,,,,,,,
938,0.6645394563674927,,,,,,,,,,,,,,,,,,,,,,,,,
939,0.6564712524414062,,,,,,,,,,,,,,,,,,,,,,,,,
940,0.6289290189743042,,,,,,,,,,,,,,,,,,,,,,,,,
941,0.6553841829299927,,,,,,,,,,,,,,,,,,,,,,,,,
942,0.6263284087181091,,,,,,,,,,,,,,,,,,,,,,,,,
943,0.6490683555603027,,,,,,,,,,,,,,,,,,,,,,,,,
944,0.6277331709861755,,,,,,,,,,,,,,,,,,,,,,,,,
945,0.6143065094947815,,,,,,,,,,,,,,,,,,,,,,,,,
946,0.6253923773765564,,,,,,,,,,,,,,,,,,,,,,,,,
947,0.690058708190918,,,,,,,,,,,,,,,,,,,,,,,,,
948,0.6294879913330078,,,,,,,,,,,,,,,,,,,,,,,,,
949,0.6830183863639832,,,,,,,,,,,,,,,,,,,,,,,,,
950,0.6258578896522522,,,,,,,,,,,,,,,,,,,,,,,,,
951,0.6337806582450867,,,,,,,,,,,,,,,,,,,,,,,,,
952,0.6586564779281616,,,,,,,,,,,,,,,,,,,,,,,,,
953,0.7111998200416565,,,,,,,,,,,,,,,,,,,,,,,,,
954,0.6312058568000793,,,,,,,,,,,,,,,,,,,,,,,,,
955,0.6591723561286926,,,,,,,,,,,,,,,,,,,,,,,,,
956,0.6383377909660339,,,,,,,,,,,,,,,,,,,,,,,,,
957,0.662007749080658,,,,,,,,,,,,,,,,,,,,,,,,,
958,0.6349470615386963,,,,,,,,,,,,,,,,,,,,,,,,,
959,0.6417275071144104,,,,,,,,,,,,,,,,,,,,,,,,,
960,0.6229235529899597,,,,,,,,,,,,,,,,,,,,,,,,,
961,0.6414526700973511,,,,,,,,,,,,,,,,,,,,,,,,,
962,0.6716349720954895,,,,,,,,,,,,,,,,,,,,,,,,,
963,0.6234493255615234,,,,,,,,,,,,,,,,,,,,,,,,,
964,0.6351844668388367,,,,,,,,,,,,,,,,,,,,,,,,,
965,0.64388507604599,,,,,,,,,,,,,,,,,,,,,,,,,
966,0.706062912940979,,,,,,,,,,,,,,,,,,,,,,,,,
967,0.8618273735046387,,,,,,,,,,,,,,,,,,,,,,,,,
968,0.6691382527351379,,,,,,,,,,,,,,,,,,,,,,,,,
969,0.6622290015220642,,,,,,,,,,,,,,,,,,,,,,,,,
970,0.6755027770996094,,,,,,,,,,,,,,,,,,,,,,,,,
971,0.6410249471664429,,,,,,,,,,,,,,,,,,,,,,,,,
972,0.6507201790809631,,,,,,,,,,,,,,,,,,,,,,,,,
973,0.6892789602279663,,,,,,,,,,,,,,,,,,,,,,,,,
974,0.6292526721954346,,,,,,,,,,,,,,,,,,,,,,,,,
975,0.6205379366874695,,,,,,,,,,,,,,,,,,,,,,,,,
976,0.6554396748542786,,,,,,,,,,,,,,,,,,,,,,,,,
977,0.6440269351005554,,,,,,,,,,,,,,,,,,,,,,,,,
978,0.7015151381492615,,,,,,,,,,,,,,,,,,,,,,,,,
979,0.7055205702781677,,,,,,,,,,,,,,,,,,,,,,,,,
980,0.680328905582428,,,,,,,,,,,,,,,,,,,,,,,,,
981,0.6254604458808899,,,,,,,,,,,,,,,,,,,,,,,,,
982,0.6512263417243958,,,,,,,,,,,,,,,,,,,,,,,,,
983,0.6651575565338135,,,,,,,,,,,,,,,,,,,,,,,,,
984,0.672545313835144,,,,,,,,,,,,,,,,,,,,,,,,,
985,0.6099948287010193,,,,,,,,,,,,,,,,,,,,,,,,,
986,0.7040182948112488,,,,,,,,,,,,,,,,,,,,,,,,,
987,0.65902179479599,,,,,,,,,,,,,,,,,,,,,,,,,
988,0.613730251789093,,,,,,,,,,,,,,,,,,,,,,,,,
989,0.6458951830863953,,,,,,,,,,,,,,,,,,,,,,,,,
990,0.661660373210907,,,,,,,,,,,,,,,,,,,,,,,,,
991,0.6399513483047485,,,,,,,,,,,,,,,,,,,,,,,,,
992,0.6511057615280151,,,,,,,,,,,,,,,,,,,,,,,,,
993,0.6687647104263306,,,,,,,,,,,,,,,,,,,,,,,,,
994,0.6332775354385376,,,,,,,,,,,,,,,,,,,,,,,,,
995,0.660688042640686,,,,,,,,,,,,,,,,,,,,,,,,,
996,0.6477692127227783,,,,,,,,,,,,,,,,,,,,,,,,,
997,0.6653130054473877,,,,,,,,,,,,,,,,,,,,,,,,,
998,0.6207491755485535,,,,,,,,,,,,,,,,,,,,,,,,,
999,0.631150484085083,,,,,,,,,,,,,,,,,,,,,,,,,
1000,0.6546447277069092,,,,,,,,,,,,,,,,,,,,,,,,,
1001,0.6248962879180908,,,,,,,,,,,,,,,,,,,,,,,,,
1002,0.6280754804611206,,,,,,,,,,,,,,,,,,,,,,,,,
1003,0.6395521759986877,,,,,,,,,,,,,,,,,,,,,,,,,
1004,0.6410485506057739,,,,,,,,,,,,,,,,,,,,,,,,,
1005,0.6452851295471191,,,,,,,,,,,,,,,,,,,,,,,,,
1006,0.6568129062652588,,,,,,,,,,,,,,,,,,,,,,,,,
1007,0.7018964290618896,,,,,,,,,,,,,,,,,,,,,,,,,
1008,0.6306644678115845,,,,,,,,,,,,,,,,,,,,,,,,,
1009,0.6265866160392761,,,,,,,,,,,,,,,,,,,,,,,,,
1010,0.6391833424568176,,,,,,,,,,,,,,,,,,,,,,,,,
1011,0.6795624494552612,,,,,,,,,,,,,,,,,,,,,,,,,
1012,0.6317062973976135,,,,,,,,,,,,,,,,,,,,,,,,,
1013,0.6445934176445007,,,,,,,,,,,,,,,,,,,,,,,,,
1014,0.6187021732330322,,,,,,,,,,,,,,,,,,,,,,,,,
1015,0.6332739591598511,,,,,,,,,,,,,,,,,,,,,,,,,
1016,0.6070087552070618,,,,,,,,,,,,,,,,,,,,,,,,,
1017,0.6690793037414551,,,,,,,,,,,,,,,,,,,,,,,,,
1018,0.639482855796814,,,,,,,,,,,,,,,,,,,,,,,,,
1019,0.6338158249855042,,,,,,,,,,,,,,,,,,,,,,,,,
1020,0.6335210204124451,,,,,,,,,,,,,,,,,,,,,,,,,
1021,0.6488645076751709,,,,,,,,,,,,,,,,,,,,,,,,,
1022,0.6463289856910706,,,,,,,,,,,,,,,,,,,,,,,,,
1023,0.6371510028839111,,,,,,,,,,,,,,,,,,,,,,,,,
1024,,0.6613283753395081,,0.001,,"[[7.88066970e+01 3.36892962e+00 1.17250588e+01]
 [1.03852061e-02 4.02527725e-01 2.14158091e-02]
 [5.09824132e-01 9.90473647e-02 5.05611429e+00]]",,,[0.83463197 0.10315125 0.29039002],[0.9098631  0.18701199 0.450081  ],[0.99344221 0.10399877 0.30091281],[0.83925582 0.92678123 0.89252021],[0.9147102  0.96516895 0.87548129],[0.83925582 0.92678123 0.89252021],,,,,,,,,,,,
1025,,,0.680120913548903,0.001,,,"[[7.56936183e+01 3.18537548e+00 1.47198301e+01]
 [3.16190880e-02 5.69275108e-01 2.78542259e-02]
 [5.54137567e-01 8.45984257e-02 5.13369165e+00]]",,,,,,,,[0.80367315 0.14601581 0.25017854],[0.89115165 0.25482338 0.4002285 ],[0.9923209  0.14827772 0.25821611],[0.80870266 0.90541    0.88934708],[0.90849234 0.96709336 0.84348865],[0.80870266 0.90541    0.88934708],,,,,,
1026,0.6695959568023682,,,,,,,,,,,,,,,,,,,,,,,,,
1027,0.6637058854103088,,,,,,,,,,,,,,,,,,,,,,,,,
1028,0.658539891242981,,,,,,,,,,,,,,,,,,,,,,,,,
1029,0.6694943904876709,,,,,,,,,,,,,,,,,,,,,,,,,
1030,0.6364065408706665,,,,,,,,,,,,,,,,,,,,,,,,,
1031,0.7037052512168884,,,,,,,,,,,,,,,,,,,,,,,,,
1032,0.6220770478248596,,,,,,,,,,,,,,,,,,,,,,,,,
1033,0.6141585111618042,,,,,,,,,,,,,,,,,,,,,,,,,
1034,0.664341926574707,,,,,,,,,,,,,,,,,,,,,,,,,
1035,0.6308456659317017,,,,,,,,,,,,,,,,,,,,,,,,,
1036,0.6457158327102661,,,,,,,,,,,,,,,,,,,,,,,,,
1037,0.6363955140113831,,,,,,,,,,,,,,,,,,,,,,,,,
1038,0.6382927298545837,,,,,,,,,,,,,,,,,,,,,,,,,
1039,0.6240038275718689,,,,,,,,,,,,,,,,,,,,,,,,,
1040,0.6183382868766785,,,,,,,,,,,,,,,,,,,,,,,,,
1041,0.6373732089996338,,,,,,,,,,,,,,,,,,,,,,,,,
1042,0.6255110502243042,,,,,,,,,,,,,,,,,,,,,,,,,
1043,0.6656532883644104,,,,,,,,,,,,,,,,,,,,,,,,,
1044,0.6384616494178772,,,,,,,,,,,,,,,,,,,,,,,,,
1045,0.6298025250434875,,,,,,,,,,,,,,,,,,,,,,,,,
1046,0.8986290097236633,,,,,,,,,,,,,,,,,,,,,,,,,
1047,0.6389074921607971,,,,,,,,,,,,,,,,,,,,,,,,,
1048,0.6587086915969849,,,,,,,,,,,,,,,,,,,,,,,,,
1049,0.6658847332000732,,,,,,,,,,,,,,,,,,,,,,,,,
1050,0.6830077767372131,,,,,,,,,,,,,,,,,,,,,,,,,
1051,0.6623916029930115,,,,,,,,,,,,,,,,,,,,,,,,,
1052,0.6568416953086853,,,,,,,,,,,,,,,,,,,,,,,,,
1053,0.6586620211601257,,,,,,,,,,,,,,,,,,,,,,,,,
1054,0.6304974555969238,,,,,,,,,,,,,,,,,,,,,,,,,
1055,0.6538971066474915,,,,,,,,,,,,,,,,,,,,,,,,,
1056,0.6070030927658081,,,,,,,,,,,,,,,,,,,,,,,,,
1057,0.6534716486930847,,,,,,,,,,,,,,,,,,,,,,,,,
1058,0.6203159093856812,,,,,,,,,,,,,,,,,,,,,,,,,
1059,0.6541932225227356,,,,,,,,,,,,,,,,,,,,,,,,,
1060,0.6401865482330322,,,,,,,,,,,,,,,,,,,,,,,,,
1061,0.6323650479316711,,,,,,,,,,,,,,,,,,,,,,,,,
1062,0.6266381144523621,,,,,,,,,,,,,,,,,,,,,,,,,
1063,0.6213487982749939,,,,,,,,,,,,,,,,,,,,,,,,,
1064,0.6557451486587524,,,,,,,,,,,,,,,,,,,,,,,,,
1065,0.6135029792785645,,,,,,,,,,,,,,,,,,,,,,,,,
1066,0.9729310274124146,,,,,,,,,,,,,,,,,,,,,,,,,
1067,0.6396428942680359,,,,,,,,,,,,,,,,,,,,,,,,,
1068,0.6738778948783875,,,,,,,,,,,,,,,,,,,,,,,,,
1069,0.6229734420776367,,,,,,,,,,,,,,,,,,,,,,,,,
1070,0.6565729379653931,,,,,,,,,,,,,,,,,,,,,,,,,
1071,0.6325024366378784,,,,,,,,,,,,,,,,,,,,,,,,,
1072,0.6970424056053162,,,,,,,,,,,,,,,,,,,,,,,,,
1073,0.6417974829673767,,,,,,,,,,,,,,,,,,,,,,,,,
1074,0.6477535963058472,,,,,,,,,,,,,,,,,,,,,,,,,
1075,0.6367119550704956,,,,,,,,,,,,,,,,,,,,,,,,,
1076,0.6202528476715088,,,,,,,,,,,,,,,,,,,,,,,,,
1077,0.6520674824714661,,,,,,,,,,,,,,,,,,,,,,,,,
1078,0.609592616558075,,,,,,,,,,,,,,,,,,,,,,,,,
1079,0.6142320036888123,,,,,,,,,,,,,,,,,,,,,,,,,
1080,0.7048244476318359,,,,,,,,,,,,,,,,,,,,,,,,,
1081,0.6234719157218933,,,,,,,,,,,,,,,,,,,,,,,,,
1082,0.5931195020675659,,,,,,,,,,,,,,,,,,,,,,,,,
1083,0.6222797632217407,,,,,,,,,,,,,,,,,,,,,,,,,
1084,0.608437716960907,,,,,,,,,,,,,,,,,,,,,,,,,
1085,0.7664685249328613,,,,,,,,,,,,,,,,,,,,,,,,,
1086,0.609339714050293,,,,,,,,,,,,,,,,,,,,,,,,,
1087,0.7917617559432983,,,,,,,,,,,,,,,,,,,,,,,,,
1088,0.6398519277572632,,,,,,,,,,,,,,,,,,,,,,,,,
1089,0.6767700910568237,,,,,,,,,,,,,,,,,,,,,,,,,
1090,0.6193785071372986,,,,,,,,,,,,,,,,,,,,,,,,,
1091,0.68779456615448,,,,,,,,,,,,,,,,,,,,,,,,,
1092,0.600546658039093,,,,,,,,,,,,,,,,,,,,,,,,,
1093,0.6009542346000671,,,,,,,,,,,,,,,,,,,,,,,,,
1094,0.67181795835495,,,,,,,,,,,,,,,,,,,,,,,,,
1095,0.6364551782608032,,,,,,,,,,,,,,,,,,,,,,,,,
1096,0.6346508860588074,,,,,,,,,,,,,,,,,,,,,,,,,
1097,0.6481162309646606,,,,,,,,,,,,,,,,,,,,,,,,,
1098,0.6552193760871887,,,,,,,,,,,,,,,,,,,,,,,,,
1099,0.6214165687561035,,,,,,,,,,,,,,,,,,,,,,,,,
1100,0.6664773225784302,,,,,,,,,,,,,,,,,,,,,,,,,
1101,0.6092624068260193,,,,,,,,,,,,,,,,,,,,,,,,,
1102,0.6571766138076782,,,,,,,,,,,,,,,,,,,,,,,,,
1103,0.6136732697486877,,,,,,,,,,,,,,,,,,,,,,,,,
1104,0.630318820476532,,,,,,,,,,,,,,,,,,,,,,,,,
1105,0.6764276027679443,,,,,,,,,,,,,,,,,,,,,,,,,
1106,0.6367291808128357,,,,,,,,,,,,,,,,,,,,,,,,,
1107,0.6810712814331055,,,,,,,,,,,,,,,,,,,,,,,,,
1108,0.6494183540344238,,,,,,,,,,,,,,,,,,,,,,,,,
1109,0.6447486877441406,,,,,,,,,,,,,,,,,,,,,,,,,
1110,0.6894246339797974,,,,,,,,,,,,,,,,,,,,,,,,,
1111,0.6347949504852295,,,,,,,,,,,,,,,,,,,,,,,,,
1112,0.8389275074005127,,,,,,,,,,,,,,,,,,,,,,,,,
1113,0.6375939249992371,,,,,,,,,,,,,,,,,,,,,,,,,
1114,0.6435267329216003,,,,,,,,,,,,,,,,,,,,,,,,,
1115,0.6387578845024109,,,,,,,,,,,,,,,,,,,,,,,,,
1116,0.6259499788284302,,,,,,,,,,,,,,,,,,,,,,,,,
1117,0.6264926195144653,,,,,,,,,,,,,,,,,,,,,,,,,
1118,0.6635932326316833,,,,,,,,,,,,,,,,,,,,,,,,,
1119,0.6057431697845459,,,,,,,,,,,,,,,,,,,,,,,,,
1120,0.6204315423965454,,,,,,,,,,,,,,,,,,,,,,,,,
1121,0.6676223874092102,,,,,,,,,,,,,,,,,,,,,,,,,
1122,0.7156199216842651,,,,,,,,,,,,,,,,,,,,,,,,,
1123,0.6893264055252075,,,,,,,,,,,,,,,,,,,,,,,,,
1124,0.611852765083313,,,,,,,,,,,,,,,,,,,,,,,,,
1125,0.6353374719619751,,,,,,,,,,,,,,,,,,,,,,,,,
1126,1.0370409488677979,,,,,,,,,,,,,,,,,,,,,,,,,
1127,0.6417322158813477,,,,,,,,,,,,,,,,,,,,,,,,,
1128,0.6364309191703796,,,,,,,,,,,,,,,,,,,,,,,,,
1129,0.6732783913612366,,,,,,,,,,,,,,,,,,,,,,,,,
1130,0.6199272871017456,,,,,,,,,,,,,,,,,,,,,,,,,
1131,0.6464893817901611,,,,,,,,,,,,,,,,,,,,,,,,,
1132,0.6264404654502869,,,,,,,,,,,,,,,,,,,,,,,,,
1133,0.6565454602241516,,,,,,,,,,,,,,,,,,,,,,,,,
1134,0.6454663276672363,,,,,,,,,,,,,,,,,,,,,,,,,
1135,0.6255708932876587,,,,,,,,,,,,,,,,,,,,,,,,,
1136,0.6635244488716125,,,,,,,,,,,,,,,,,,,,,,,,,
1137,0.6677554845809937,,,,,,,,,,,,,,,,,,,,,,,,,
1138,0.6328710913658142,,,,,,,,,,,,,,,,,,,,,,,,,
1139,0.6135706305503845,,,,,,,,,,,,,,,,,,,,,,,,,
1140,0.6529584527015686,,,,,,,,,,,,,,,,,,,,,,,,,
1141,0.6484522819519043,,,,,,,,,,,,,,,,,,,,,,,,,
1142,0.6151193976402283,,,,,,,,,,,,,,,,,,,,,,,,,
1143,0.606822669506073,,,,,,,,,,,,,,,,,,,,,,,,,
1144,0.6136292815208435,,,,,,,,,,,,,,,,,,,,,,,,,
1145,0.6200757026672363,,,,,,,,,,,,,,,,,,,,,,,,,
1146,0.6722589731216431,,,,,,,,,,,,,,,,,,,,,,,,,
1147,0.6028825044631958,,,,,,,,,,,,,,,,,,,,,,,,,
1148,0.6470580697059631,,,,,,,,,,,,,,,,,,,,,,,,,
1149,0.6531203389167786,,,,,,,,,,,,,,,,,,,,,,,,,
1150,0.6543508768081665,,,,,,,,,,,,,,,,,,,,,,,,,
1151,0.603988528251648,,,,,,,,,,,,,,,,,,,,,,,,,
1152,0.6421242356300354,,,,,,,,,,,,,,,,,,,,,,,,,
1153,0.6113037467002869,,,,,,,,,,,,,,,,,,,,,,,,,
1154,0.6415091156959534,,,,,,,,,,,,,,,,,,,,,,,,,
1155,0.6375158429145813,,,,,,,,,,,,,,,,,,,,,,,,,
1156,0.6418864130973816,,,,,,,,,,,,,,,,,,,,,,,,,
1157,0.6614201664924622,,,,,,,,,,,,,,,,,,,,,,,,,
1158,0.6420329213142395,,,,,,,,,,,,,,,,,,,,,,,,,
1159,0.609135091304779,,,,,,,,,,,,,,,,,,,,,,,,,
1160,0.6341327428817749,,,,,,,,,,,,,,,,,,,,,,,,,
1161,0.632427453994751,,,,,,,,,,,,,,,,,,,,,,,,,
1162,0.623436450958252,,,,,,,,,,,,,,,,,,,,,,,,,
1163,0.6310237646102905,,,,,,,,,,,,,,,,,,,,,,,,,
1164,0.6850922703742981,,,,,,,,,,,,,,,,,,,,,,,,,
1165,0.6679991483688354,,,,,,,,,,,,,,,,,,,,,,,,,
1166,0.6193604469299316,,,,,,,,,,,,,,,,,,,,,,,,,
1167,0.6649060249328613,,,,,,,,,,,,,,,,,,,,,,,,,
1168,0.6641995906829834,,,,,,,,,,,,,,,,,,,,,,,,,
1169,0.6380273699760437,,,,,,,,,,,,,,,,,,,,,,,,,
1170,0.633864164352417,,,,,,,,,,,,,,,,,,,,,,,,,
1171,0.6243500709533691,,,,,,,,,,,,,,,,,,,,,,,,,
1172,0.6324506402015686,,,,,,,,,,,,,,,,,,,,,,,,,
1173,0.6081105470657349,,,,,,,,,,,,,,,,,,,,,,,,,
1174,0.6162502765655518,,,,,,,,,,,,,,,,,,,,,,,,,
1175,0.613214373588562,,,,,,,,,,,,,,,,,,,,,,,,,
1176,0.640545129776001,,,,,,,,,,,,,,,,,,,,,,,,,
1177,0.6232238411903381,,,,,,,,,,,,,,,,,,,,,,,,,
1178,0.6327651739120483,,,,,,,,,,,,,,,,,,,,,,,,,
1179,0.6182301640510559,,,,,,,,,,,,,,,,,,,,,,,,,
1180,0.6830534338951111,,,,,,,,,,,,,,,,,,,,,,,,,
1181,0.6189578175544739,,,,,,,,,,,,,,,,,,,,,,,,,
1182,0.6507526636123657,,,,,,,,,,,,,,,,,,,,,,,,,
1183,0.6212866902351379,,,,,,,,,,,,,,,,,,,,,,,,,
1184,0.6297248601913452,,,,,,,,,,,,,,,,,,,,,,,,,
1185,0.6379819512367249,,,,,,,,,,,,,,,,,,,,,,,,,
1186,0.6287469863891602,,,,,,,,,,,,,,,,,,,,,,,,,
1187,0.6125732064247131,,,,,,,,,,,,,,,,,,,,,,,,,
1188,0.6297463178634644,,,,,,,,,,,,,,,,,,,,,,,,,
1189,0.8600121140480042,,,,,,,,,,,,,,,,,,,,,,,,,
1190,0.6370100378990173,,,,,,,,,,,,,,,,,,,,,,,,,
1191,0.6523717045783997,,,,,,,,,,,,,,,,,,,,,,,,,
1192,0.6660529971122742,,,,,,,,,,,,,,,,,,,,,,,,,
1193,0.641815721988678,,,,,,,,,,,,,,,,,,,,,,,,,
1194,0.6171368360519409,,,,,,,,,,,,,,,,,,,,,,,,,
1195,,0.6504183411598206,,0.0001,,"[[7.95611008e+01 2.58084175e+00 1.17587429e+01]
 [5.84167842e-03 4.06428865e-01 2.20581964e-02]
 [4.23885348e-01 6.73423230e-02 5.17375811e+00]]",,,[0.84343001 0.13184985 0.29656204],[0.91506594 0.23298117 0.45745908],[0.9946278  0.13305413 0.30515439],[0.84728988 0.93576323 0.91328704],[0.92954503 0.97340264 0.87511741],[0.84728988 0.93576323 0.91328704],,,,,,,,,,,,
1196,,,0.674282186681574,0.0001,,,"[[7.92563370e+01 2.72540263e+00 1.16170843e+01]
 [4.27616004e-02 5.71167814e-01 1.48190071e-02]
 [7.01030898e-01 8.77508812e-02 4.98364587e+00]]",,,,,,,,[0.84009051 0.16594541 0.28634516],[0.91309694 0.28465382 0.44520734],[0.99070261 0.16876879 0.29993868],[0.84676638 0.90842028 0.86335354],[0.88380377 0.97169047 0.87655521],[0.84676638 0.90842028 0.86335354],,,,,,
1197,0.6305533051490784,,,,,,,,,,,,,,,,,,,,,,,,,
1198,0.845106840133667,,,,,,,,,,,,,,,,,,,,,,,,,
1199,0.6144734025001526,,,,,,,,,,,,,,,,,,,,,,,,,
1200,0.6072849631309509,,,,,,,,,,,,,,,,,,,,,,,,,
1201,0.6397578120231628,,,,,,,,,,,,,,,,,,,,,,,,,
1202,0.6337620615959167,,,,,,,,,,,,,,,,,,,,,,,,,
1203,0.6040735244750977,,,,,,,,,,,,,,,,,,,,,,,,,
1204,0.6484768390655518,,,,,,,,,,,,,,,,,,,,,,,,,
1205,0.6492775082588196,,,,,,,,,,,,,,,,,,,,,,,,,
1206,0.63934326171875,,,,,,,,,,,,,,,,,,,,,,,,,
1207,0.6137105822563171,,,,,,,,,,,,,,,,,,,,,,,,,
1208,0.6103962063789368,,,,,,,,,,,,,,,,,,,,,,,,,
1209,0.6273342967033386,,,,,,,,,,,,,,,,,,,,,,,,,
1210,0.6821352243423462,,,,,,,,,,,,,,,,,,,,,,,,,
1211,0.6334449648857117,,,,,,,,,,,,,,,,,,,,,,,,,
1212,0.6183007955551147,,,,,,,,,,,,,,,,,,,,,,,,,
1213,0.6292163133621216,,,,,,,,,,,,,,,,,,,,,,,,,
1214,0.6301442384719849,,,,,,,,,,,,,,,,,,,,,,,,,
1215,0.6372848749160767,,,,,,,,,,,,,,,,,,,,,,,,,
1216,0.650469183921814,,,,,,,,,,,,,,,,,,,,,,,,,
1217,0.6417561769485474,,,,,,,,,,,,,,,,,,,,,,,,,
1218,0.60860675573349,,,,,,,,,,,,,,,,,,,,,,,,,
1219,0.6382588744163513,,,,,,,,,,,,,,,,,,,,,,,,,
1220,0.6029611825942993,,,,,,,,,,,,,,,,,,,,,,,,,
1221,0.6116926670074463,,,,,,,,,,,,,,,,,,,,,,,,,
1222,0.6634860038757324,,,,,,,,,,,,,,,,,,,,,,,,,
1223,0.6131129860877991,,,,,,,,,,,,,,,,,,,,,,,,,
1224,0.6295933723449707,,,,,,,,,,,,,,,,,,,,,,,,,
1225,0.6627856492996216,,,,,,,,,,,,,,,,,,,,,,,,,
1226,0.64717698097229,,,,,,,,,,,,,,,,,,,,,,,,,
1227,0.6182685494422913,,,,,,,,,,,,,,,,,,,,,,,,,
1228,0.6629285216331482,,,,,,,,,,,,,,,,,,,,,,,,,
1229,0.6347984671592712,,,,,,,,,,,,,,,,,,,,,,,,,
1230,0.6422900557518005,,,,,,,,,,,,,,,,,,,,,,,,,
1231,0.6190712451934814,,,,,,,,,,,,,,,,,,,,,,,,,
1232,0.6202949285507202,,,,,,,,,,,,,,,,,,,,,,,,,
1233,0.6493285894393921,,,,,,,,,,,,,,,,,,,,,,,,,
1234,0.624154806137085,,,,,,,,,,,,,,,,,,,,,,,,,
1235,0.6468424201011658,,,,,,,,,,,,,,,,,,,,,,,,,
1236,0.6259163618087769,,,,,,,,,,,,,,,,,,,,,,,,,
1237,0.6036267876625061,,,,,,,,,,,,,,,,,,,,,,,,,
1238,0.6171082258224487,,,,,,,,,,,,,,,,,,,,,,,,,
1239,0.6216853260993958,,,,,,,,,,,,,,,,,,,,,,,,,
1240,0.6256155371665955,,,,,,,,,,,,,,,,,,,,,,,,,
1241,0.6264514923095703,,,,,,,,,,,,,,,,,,,,,,,,,
1242,0.632000207901001,,,,,,,,,,,,,,,,,,,,,,,,,
1243,0.6363202333450317,,,,,,,,,,,,,,,,,,,,,,,,,
1244,0.645203173160553,,,,,,,,,,,,,,,,,,,,,,,,,
1245,0.6205260753631592,,,,,,,,,,,,,,,,,,,,,,,,,
1246,0.6261531114578247,,,,,,,,,,,,,,,,,,,,,,,,,
1247,0.6171197891235352,,,,,,,,,,,,,,,,,,,,,,,,,
1248,0.6307452321052551,,,,,,,,,,,,,,,,,,,,,,,,,
1249,0.6074822545051575,,,,,,,,,,,,,,,,,,,,,,,,,
1250,0.6338601112365723,,,,,,,,,,,,,,,,,,,,,,,,,
1251,0.612084150314331,,,,,,,,,,,,,,,,,,,,,,,,,
1252,0.6218153238296509,,,,,,,,,,,,,,,,,,,,,,,,,
1253,0.63216233253479,,,,,,,,,,,,,,,,,,,,,,,,,
1254,0.6767103672027588,,,,,,,,,,,,,,,,,,,,,,,,,
1255,0.6274108290672302,,,,,,,,,,,,,,,,,,,,,,,,,
1256,0.6368579864501953,,,,,,,,,,,,,,,,,,,,,,,,,
1257,0.9585770964622498,,,,,,,,,,,,,,,,,,,,,,,,,
1258,0.657941460609436,,,,,,,,,,,,,,,,,,,,,,,,,
1259,0.6534979343414307,,,,,,,,,,,,,,,,,,,,,,,,,
1260,0.6276082396507263,,,,,,,,,,,,,,,,,,,,,,,,,
1261,0.6316008567810059,,,,,,,,,,,,,,,,,,,,,,,,,
1262,0.6563152074813843,,,,,,,,,,,,,,,,,,,,,,,,,
1263,0.630535364151001,,,,,,,,,,,,,,,,,,,,,,,,,
1264,0.6315556764602661,,,,,,,,,,,,,,,,,,,,,,,,,
1265,0.6524506211280823,,,,,,,,,,,,,,,,,,,,,,,,,
1266,0.6219027638435364,,,,,,,,,,,,,,,,,,,,,,,,,
1267,0.6115603446960449,,,,,,,,,,,,,,,,,,,,,,,,,
1268,0.648461639881134,,,,,,,,,,,,,,,,,,,,,,,,,
1269,0.6465435028076172,,,,,,,,,,,,,,,,,,,,,,,,,
1270,0.6228839159011841,,,,,,,,,,,,,,,,,,,,,,,,,
1271,0.6307857036590576,,,,,,,,,,,,,,,,,,,,,,,,,
1272,0.623073399066925,,,,,,,,,,,,,,,,,,,,,,,,,
1273,0.6336020827293396,,,,,,,,,,,,,,,,,,,,,,,,,
1274,0.6267282366752625,,,,,,,,,,,,,,,,,,,,,,,,,
1275,0.6211484670639038,,,,,,,,,,,,,,,,,,,,,,,,,
1276,0.7277340292930603,,,,,,,,,,,,,,,,,,,,,,,,,
1277,0.6705099940299988,,,,,,,,,,,,,,,,,,,,,,,,,
1278,0.655083417892456,,,,,,,,,,,,,,,,,,,,,,,,,
1279,0.6844548583030701,,,,,,,,,,,,,,,,,,,,,,,,,
1280,0.6468652486801147,,,,,,,,,,,,,,,,,,,,,,,,,
1281,0.6546984910964966,,,,,,,,,,,,,,,,,,,,,,,,,
1282,0.6093897223472595,,,,,,,,,,,,,,,,,,,,,,,,,
1283,0.6223573684692383,,,,,,,,,,,,,,,,,,,,,,,,,
1284,0.6497565507888794,,,,,,,,,,,,,,,,,,,,,,,,,
1285,0.6261268854141235,,,,,,,,,,,,,,,,,,,,,,,,,
1286,0.6038851141929626,,,,,,,,,,,,,,,,,,,,,,,,,
1287,0.6449185013771057,,,,,,,,,,,,,,,,,,,,,,,,,
1288,1.0325514078140259,,,,,,,,,,,,,,,,,,,,,,,,,
1289,0.699627161026001,,,,,,,,,,,,,,,,,,,,,,,,,
1290,0.603968620300293,,,,,,,,,,,,,,,,,,,,,,,,,
1291,0.6605737209320068,,,,,,,,,,,,,,,,,,,,,,,,,
1292,0.6246864795684814,,,,,,,,,,,,,,,,,,,,,,,,,
1293,0.6421136856079102,,,,,,,,,,,,,,,,,,,,,,,,,
1294,0.729552686214447,,,,,,,,,,,,,,,,,,,,,,,,,
1295,0.6186941266059875,,,,,,,,,,,,,,,,,,,,,,,,,
1296,0.6433987617492676,,,,,,,,,,,,,,,,,,,,,,,,,
1297,0.6287744045257568,,,,,,,,,,,,,,,,,,,,,,,,,
1298,0.6784523129463196,,,,,,,,,,,,,,,,,,,,,,,,,
1299,0.6521865129470825,,,,,,,,,,,,,,,,,,,,,,,,,
1300,0.6707490086555481,,,,,,,,,,,,,,,,,,,,,,,,,
1301,0.6850106120109558,,,,,,,,,,,,,,,,,,,,,,,,,
1302,0.6151622533798218,,,,,,,,,,,,,,,,,,,,,,,,,
1303,0.6304685473442078,,,,,,,,,,,,,,,,,,,,,,,,,
1304,0.6448279023170471,,,,,,,,,,,,,,,,,,,,,,,,,
1305,0.6217324137687683,,,,,,,,,,,,,,,,,,,,,,,,,
1306,0.6075015664100647,,,,,,,,,,,,,,,,,,,,,,,,,
1307,0.675861656665802,,,,,,,,,,,,,,,,,,,,,,,,,
1308,0.6347969174385071,,,,,,,,,,,,,,,,,,,,,,,,,
1309,0.6207512617111206,,,,,,,,,,,,,,,,,,,,,,,,,
1310,0.6407034993171692,,,,,,,,,,,,,,,,,,,,,,,,,
1311,0.6534568071365356,,,,,,,,,,,,,,,,,,,,,,,,,
1312,0.646570086479187,,,,,,,,,,,,,,,,,,,,,,,,,
1313,0.730861485004425,,,,,,,,,,,,,,,,,,,,,,,,,
1314,0.6522162556648254,,,,,,,,,,,,,,,,,,,,,,,,,
1315,0.6202563643455505,,,,,,,,,,,,,,,,,,,,,,,,,
1316,0.6583266258239746,,,,,,,,,,,,,,,,,,,,,,,,,
1317,0.6396635174751282,,,,,,,,,,,,,,,,,,,,,,,,,
1318,0.631633460521698,,,,,,,,,,,,,,,,,,,,,,,,,
1319,0.6223956346511841,,,,,,,,,,,,,,,,,,,,,,,,,
1320,0.6044719219207764,,,,,,,,,,,,,,,,,,,,,,,,,
1321,0.6370514035224915,,,,,,,,,,,,,,,,,,,,,,,,,
1322,0.626528263092041,,,,,,,,,,,,,,,,,,,,,,,,,
1323,0.6356486678123474,,,,,,,,,,,,,,,,,,,,,,,,,
1324,0.6071856617927551,,,,,,,,,,,,,,,,,,,,,,,,,
1325,0.633812427520752,,,,,,,,,,,,,,,,,,,,,,,,,
1326,0.6043733358383179,,,,,,,,,,,,,,,,,,,,,,,,,
1327,0.5943863391876221,,,,,,,,,,,,,,,,,,,,,,,,,
1328,0.6221750378608704,,,,,,,,,,,,,,,,,,,,,,,,,
1329,0.6185651421546936,,,,,,,,,,,,,,,,,,,,,,,,,
1330,0.6120019555091858,,,,,,,,,,,,,,,,,,,,,,,,,
1331,0.671064019203186,,,,,,,,,,,,,,,,,,,,,,,,,
1332,0.6367044448852539,,,,,,,,,,,,,,,,,,,,,,,,,
1333,0.8984307050704956,,,,,,,,,,,,,,,,,,,,,,,,,
1334,0.7030248641967773,,,,,,,,,,,,,,,,,,,,,,,,,
1335,0.6151731610298157,,,,,,,,,,,,,,,,,,,,,,,,,
1336,0.6443764567375183,,,,,,,,,,,,,,,,,,,,,,,,,
1337,0.6594756841659546,,,,,,,,,,,,,,,,,,,,,,,,,
1338,0.6141998767852783,,,,,,,,,,,,,,,,,,,,,,,,,
1339,0.6284177303314209,,,,,,,,,,,,,,,,,,,,,,,,,
1340,0.6262070536613464,,,,,,,,,,,,,,,,,,,,,,,,,
1341,0.6734341979026794,,,,,,,,,,,,,,,,,,,,,,,,,
1342,0.6315343379974365,,,,,,,,,,,,,,,,,,,,,,,,,
1343,0.6270295977592468,,,,,,,,,,,,,,,,,,,,,,,,,
1344,0.6549911499023438,,,,,,,,,,,,,,,,,,,,,,,,,
1345,0.6354977488517761,,,,,,,,,,,,,,,,,,,,,,,,,
1346,0.6335850358009338,,,,,,,,,,,,,,,,,,,,,,,,,
1347,0.6246797442436218,,,,,,,,,,,,,,,,,,,,,,,,,
1348,0.6610450744628906,,,,,,,,,,,,,,,,,,,,,,,,,
1349,0.6224848628044128,,,,,,,,,,,,,,,,,,,,,,,,,
1350,0.6126261353492737,,,,,,,,,,,,,,,,,,,,,,,,,
1351,0.6417993903160095,,,,,,,,,,,,,,,,,,,,,,,,,
1352,0.6126437783241272,,,,,,,,,,,,,,,,,,,,,,,,,
1353,0.6966639757156372,,,,,,,,,,,,,,,,,,,,,,,,,
1354,0.6345053315162659,,,,,,,,,,,,,,,,,,,,,,,,,
1355,0.611617922782898,,,,,,,,,,,,,,,,,,,,,,,,,
1356,0.62617027759552,,,,,,,,,,,,,,,,,,,,,,,,,
1357,0.6354418992996216,,,,,,,,,,,,,,,,,,,,,,,,,
1358,0.6509292721748352,,,,,,,,,,,,,,,,,,,,,,,,,
1359,0.6519412994384766,,,,,,,,,,,,,,,,,,,,,,,,,
1360,0.9218538999557495,,,,,,,,,,,,,,,,,,,,,,,,,
1361,0.6185711622238159,,,,,,,,,,,,,,,,,,,,,,,,,
1362,0.6735323071479797,,,,,,,,,,,,,,,,,,,,,,,,,
1363,0.6099188327789307,,,,,,,,,,,,,,,,,,,,,,,,,
1364,0.6607174277305603,,,,,,,,,,,,,,,,,,,,,,,,,
1365,0.6565073728561401,,,,,,,,,,,,,,,,,,,,,,,,,
1366,,0.6457505822181702,,0.0001,,"[[8.07776574e+01 2.35787583e+00 1.07651523e+01]
 [5.30696871e-03 4.08649633e-01 2.03721387e-02]
 [4.60569309e-01 6.25911314e-02 5.14182534e+00]]",,,[0.85599873 0.14314497 0.31256328],[0.92241306 0.25044062 0.47626394],[0.99426568 0.14444425 0.32282994],[0.86024566 0.94087633 0.90765018],[0.92361826 0.97568974 0.88566786],[0.86024566 0.94087633 0.90765018],,,,,,,,,,,,
1367,,,0.6782196684317155,0.0001,,,"[[7.97320803e+01 2.43612270e+00 1.14306209e+01]
 [5.20237367e-02 5.63399703e-01 1.33249816e-02]
 [7.17590538e-01 8.90332360e-02 4.96580387e+00]]",,,,,,,,[0.84490198 0.17863563 0.28843495],[0.91593157 0.30312274 0.44772916],[0.99043978 0.18241527 0.30261302],[0.85184917 0.8960654  0.86026264],[0.87976986 0.97458867 0.87854992],[0.85184917 0.8960654  0.86026264],,,,,,
1368,0.6227518320083618,,,,,,,,,,,,,,,,,,,,,,,,,
1369,0.5980646014213562,,,,,,,,,,,,,,,,,,,,,,,,,
1370,0.6127849221229553,,,,,,,,,,,,,,,,,,,,,,,,,
1371,0.6434457898139954,,,,,,,,,,,,,,,,,,,,,,,,,
1372,0.607037365436554,,,,,,,,,,,,,,,,,,,,,,,,,
1373,0.6248568296432495,,,,,,,,,,,,,,,,,,,,,,,,,
1374,0.6127316355705261,,,,,,,,,,,,,,,,,,,,,,,,,
1375,0.6241873502731323,,,,,,,,,,,,,,,,,,,,,,,,,
1376,0.6615539193153381,,,,,,,,,,,,,,,,,,,,,,,,,
1377,0.6289073824882507,,,,,,,,,,,,,,,,,,,,,,,,,
1378,0.6400065422058105,,,,,,,,,,,,,,,,,,,,,,,,,
1379,0.6250738501548767,,,,,,,,,,,,,,,,,,,,,,,,,
1380,0.6577141880989075,,,,,,,,,,,,,,,,,,,,,,,,,
1381,0.6357849836349487,,,,,,,,,,,,,,,,,,,,,,,,,
1382,0.6163049936294556,,,,,,,,,,,,,,,,,,,,,,,,,
1383,0.6178995370864868,,,,,,,,,,,,,,,,,,,,,,,,,
1384,0.646415650844574,,,,,,,,,,,,,,,,,,,,,,,,,
1385,0.6501843929290771,,,,,,,,,,,,,,,,,,,,,,,,,
1386,0.6156864166259766,,,,,,,,,,,,,,,,,,,,,,,,,
1387,0.6324913501739502,,,,,,,,,,,,,,,,,,,,,,,,,
1388,0.637786865234375,,,,,,,,,,,,,,,,,,,,,,,,,
1389,0.6711529493331909,,,,,,,,,,,,,,,,,,,,,,,,,
1390,0.6288436651229858,,,,,,,,,,,,,,,,,,,,,,,,,
1391,0.6563180685043335,,,,,,,,,,,,,,,,,,,,,,,,,
1392,0.6111575961112976,,,,,,,,,,,,,,,,,,,,,,,,,
1393,0.637232780456543,,,,,,,,,,,,,,,,,,,,,,,,,
1394,0.6162750124931335,,,,,,,,,,,,,,,,,,,,,,,,,
1395,0.663316547870636,,,,,,,,,,,,,,,,,,,,,,,,,
1396,0.6826968193054199,,,,,,,,,,,,,,,,,,,,,,,,,
1397,0.6259250044822693,,,,,,,,,,,,,,,,,,,,,,,,,
1398,0.6326950192451477,,,,,,,,,,,,,,,,,,,,,,,,,
1399,0.6241580843925476,,,,,,,,,,,,,,,,,,,,,,,,,
1400,0.6469460129737854,,,,,,,,,,,,,,,,,,,,,,,,,
1401,0.6493748426437378,,,,,,,,,,,,,,,,,,,,,,,,,
1402,0.6486700177192688,,,,,,,,,,,,,,,,,,,,,,,,,
1403,0.6179633140563965,,,,,,,,,,,,,,,,,,,,,,,,,
1404,0.5904806852340698,,,,,,,,,,,,,,,,,,,,,,,,,
1405,0.643234133720398,,,,,,,,,,,,,,,,,,,,,,,,,
1406,0.6193956732749939,,,,,,,,,,,,,,,,,,,,,,,,,
1407,0.6149064302444458,,,,,,,,,,,,,,,,,,,,,,,,,
1408,0.680470883846283,,,,,,,,,,,,,,,,,,,,,,,,,
1409,0.6476765871047974,,,,,,,,,,,,,,,,,,,,,,,,,
1410,0.7349185943603516,,,,,,,,,,,,,,,,,,,,,,,,,
1411,0.6377410292625427,,,,,,,,,,,,,,,,,,,,,,,,,
1412,0.6494101285934448,,,,,,,,,,,,,,,,,,,,,,,,,
1413,0.6338130235671997,,,,,,,,,,,,,,,,,,,,,,,,,
1414,0.6366799473762512,,,,,,,,,,,,,,,,,,,,,,,,,
1415,0.6666563749313354,,,,,,,,,,,,,,,,,,,,,,,,,
1416,0.6447081565856934,,,,,,,,,,,,,,,,,,,,,,,,,
1417,0.6282386779785156,,,,,,,,,,,,,,,,,,,,,,,,,
1418,0.6280244588851929,,,,,,,,,,,,,,,,,,,,,,,,,
1419,0.6166924238204956,,,,,,,,,,,,,,,,,,,,,,,,,
1420,0.6458466053009033,,,,,,,,,,,,,,,,,,,,,,,,,
1421,0.6795775890350342,,,,,,,,,,,,,,,,,,,,,,,,,
1422,0.6382994651794434,,,,,,,,,,,,,,,,,,,,,,,,,
1423,0.6335572004318237,,,,,,,,,,,,,,,,,,,,,,,,,
1424,0.6485032439231873,,,,,,,,,,,,,,,,,,,,,,,,,
1425,0.6454160809516907,,,,,,,,,,,,,,,,,,,,,,,,,
1426,0.6480212211608887,,,,,,,,,,,,,,,,,,,,,,,,,
1427,0.6786277890205383,,,,,,,,,,,,,,,,,,,,,,,,,
1428,0.6679640412330627,,,,,,,,,,,,,,,,,,,,,,,,,
1429,0.9257374405860901,,,,,,,,,,,,,,,,,,,,,,,,,
1430,0.6269375085830688,,,,,,,,,,,,,,,,,,,,,,,,,
1431,0.6172205209732056,,,,,,,,,,,,,,,,,,,,,,,,,
1432,0.634369969367981,,,,,,,,,,,,,,,,,,,,,,,,,
1433,0.6129935383796692,,,,,,,,,,,,,,,,,,,,,,,,,
1434,0.6223635673522949,,,,,,,,,,,,,,,,,,,,,,,,,
1435,0.6144118905067444,,,,,,,,,,,,,,,,,,,,,,,,,
1436,0.6253896355628967,,,,,,,,,,,,,,,,,,,,,,,,,
1437,0.6667165756225586,,,,,,,,,,,,,,,,,,,,,,,,,
1438,0.6675355434417725,,,,,,,,,,,,,,,,,,,,,,,,,
1439,0.6228309869766235,,,,,,,,,,,,,,,,,,,,,,,,,
1440,0.6164482831954956,,,,,,,,,,,,,,,,,,,,,,,,,
1441,0.6104203462600708,,,,,,,,,,,,,,,,,,,,,,,,,
1442,0.6328784823417664,,,,,,,,,,,,,,,,,,,,,,,,,
1443,0.6144430041313171,,,,,,,,,,,,,,,,,,,,,,,,,
1444,0.5990346670150757,,,,,,,,,,,,,,,,,,,,,,,,,
1445,0.629477858543396,,,,,,,,,,,,,,,,,,,,,,,,,
1446,0.6430493593215942,,,,,,,,,,,,,,,,,,,,,,,,,
1447,0.6386414170265198,,,,,,,,,,,,,,,,,,,,,,,,,
1448,0.8285552859306335,,,,,,,,,,,,,,,,,,,,,,,,,
1449,0.6246696710586548,,,,,,,,,,,,,,,,,,,,,,,,,
1450,0.6239809393882751,,,,,,,,,,,,,,,,,,,,,,,,,
1451,0.6603966355323792,,,,,,,,,,,,,,,,,,,,,,,,,
1452,0.6878310441970825,,,,,,,,,,,,,,,,,,,,,,,,,
1453,0.6239574551582336,,,,,,,,,,,,,,,,,,,,,,,,,
1454,0.6523696184158325,,,,,,,,,,,,,,,,,,,,,,,,,
1455,0.6331138610839844,,,,,,,,,,,,,,,,,,,,,,,,,
1456,0.6166148781776428,,,,,,,,,,,,,,,,,,,,,,,,,
1457,0.6337376236915588,,,,,,,,,,,,,,,,,,,,,,,,,
1458,0.616215169429779,,,,,,,,,,,,,,,,,,,,,,,,,
1459,0.6233537793159485,,,,,,,,,,,,,,,,,,,,,,,,,
1460,0.6188094019889832,,,,,,,,,,,,,,,,,,,,,,,,,
1461,0.6706266403198242,,,,,,,,,,,,,,,,,,,,,,,,,
1462,0.6192790269851685,,,,,,,,,,,,,,,,,,,,,,,,,
1463,0.6327043771743774,,,,,,,,,,,,,,,,,,,,,,,,,
1464,0.6493064761161804,,,,,,,,,,,,,,,,,,,,,,,,,
1465,0.6370230913162231,,,,,,,,,,,,,,,,,,,,,,,,,
1466,0.6195664405822754,,,,,,,,,,,,,,,,,,,,,,,,,
1467,0.620004415512085,,,,,,,,,,,,,,,,,,,,,,,,,
1468,0.6497087478637695,,,,,,,,,,,,,,,,,,,,,,,,,
1469,0.65076744556427,,,,,,,,,,,,,,,,,,,,,,,,,
1470,0.6340428590774536,,,,,,,,,,,,,,,,,,,,,,,,,
1471,0.629449188709259,,,,,,,,,,,,,,,,,,,,,,,,,
1472,0.6362501978874207,,,,,,,,,,,,,,,,,,,,,,,,,
1473,0.6440917253494263,,,,,,,,,,,,,,,,,,,,,,,,,
1474,0.6023843884468079,,,,,,,,,,,,,,,,,,,,,,,,,
1475,0.643623411655426,,,,,,,,,,,,,,,,,,,,,,,,,
1476,0.6104881167411804,,,,,,,,,,,,,,,,,,,,,,,,,
1477,0.6038932204246521,,,,,,,,,,,,,,,,,,,,,,,,,
1478,0.6417832374572754,,,,,,,,,,,,,,,,,,,,,,,,,
1479,0.6439183950424194,,,,,,,,,,,,,,,,,,,,,,,,,
1480,0.6187013387680054,,,,,,,,,,,,,,,,,,,,,,,,,
1481,0.673079788684845,,,,,,,,,,,,,,,,,,,,,,,,,
1482,0.6183841824531555,,,,,,,,,,,,,,,,,,,,,,,,,
1483,0.697104275226593,,,,,,,,,,,,,,,,,,,,,,,,,
1484,0.6430099010467529,,,,,,,,,,,,,,,,,,,,,,,,,
1485,0.6061907410621643,,,,,,,,,,,,,,,,,,,,,,,,,
1486,0.6343521475791931,,,,,,,,,,,,,,,,,,,,,,,,,
1487,0.6246101260185242,,,,,,,,,,,,,,,,,,,,,,,,,
1488,0.6405828595161438,,,,,,,,,,,,,,,,,,,,,,,,,
1489,0.6184126138687134,,,,,,,,,,,,,,,,,,,,,,,,,
1490,0.6096808910369873,,,,,,,,,,,,,,,,,,,,,,,,,
1491,0.6600632071495056,,,,,,,,,,,,,,,,,,,,,,,,,
1492,0.6336550712585449,,,,,,,,,,,,,,,,,,,,,,,,,
1493,0.6518666744232178,,,,,,,,,,,,,,,,,,,,,,,,,
1494,0.6548064947128296,,,,,,,,,,,,,,,,,,,,,,,,,
1495,0.638037383556366,,,,,,,,,,,,,,,,,,,,,,,,,
1496,0.6184466481208801,,,,,,,,,,,,,,,,,,,,,,,,,
1497,0.722360372543335,,,,,,,,,,,,,,,,,,,,,,,,,
1498,0.62875896692276,,,,,,,,,,,,,,,,,,,,,,,,,
1499,0.9737714529037476,,,,,,,,,,,,,,,,,,,,,,,,,
1500,0.6068042516708374,,,,,,,,,,,,,,,,,,,,,,,,,
1501,0.6314466595649719,,,,,,,,,,,,,,,,,,,,,,,,,
1502,0.6457919478416443,,,,,,,,,,,,,,,,,,,,,,,,,
1503,0.6235426068305969,,,,,,,,,,,,,,,,,,,,,,,,,
1504,0.6239542961120605,,,,,,,,,,,,,,,,,,,,,,,,,
1505,0.6480138301849365,,,,,,,,,,,,,,,,,,,,,,,,,
1506,0.6158591508865356,,,,,,,,,,,,,,,,,,,,,,,,,
1507,0.6468032002449036,,,,,,,,,,,,,,,,,,,,,,,,,
1508,0.6517476439476013,,,,,,,,,,,,,,,,,,,,,,,,,
1509,0.63612300157547,,,,,,,,,,,,,,,,,,,,,,,,,
1510,0.6625196933746338,,,,,,,,,,,,,,,,,,,,,,,,,
1511,0.6558071374893188,,,,,,,,,,,,,,,,,,,,,,,,,
1512,0.6311757564544678,,,,,,,,,,,,,,,,,,,,,,,,,
1513,0.6011982560157776,,,,,,,,,,,,,,,,,,,,,,,,,
1514,0.6772691607475281,,,,,,,,,,,,,,,,,,,,,,,,,
1515,1.0037355422973633,,,,,,,,,,,,,,,,,,,,,,,,,
1516,0.6325585246086121,,,,,,,,,,,,,,,,,,,,,,,,,
1517,0.6475432515144348,,,,,,,,,,,,,,,,,,,,,,,,,
1518,0.6183269023895264,,,,,,,,,,,,,,,,,,,,,,,,,
1519,0.6094852089881897,,,,,,,,,,,,,,,,,,,,,,,,,
1520,0.6224126815795898,,,,,,,,,,,,,,,,,,,,,,,,,
1521,0.6132920384407043,,,,,,,,,,,,,,,,,,,,,,,,,
1522,0.6458852291107178,,,,,,,,,,,,,,,,,,,,,,,,,
1523,0.6195878982543945,,,,,,,,,,,,,,,,,,,,,,,,,
1524,0.6202363967895508,,,,,,,,,,,,,,,,,,,,,,,,,
1525,0.6259028911590576,,,,,,,,,,,,,,,,,,,,,,,,,
1526,0.6162903308868408,,,,,,,,,,,,,,,,,,,,,,,,,
1527,0.6274466514587402,,,,,,,,,,,,,,,,,,,,,,,,,
1528,0.6334560513496399,,,,,,,,,,,,,,,,,,,,,,,,,
1529,0.6207516193389893,,,,,,,,,,,,,,,,,,,,,,,,,
1530,0.6241651177406311,,,,,,,,,,,,,,,,,,,,,,,,,
1531,0.6255871057510376,,,,,,,,,,,,,,,,,,,,,,,,,
1532,0.6519214510917664,,,,,,,,,,,,,,,,,,,,,,,,,
1533,0.6352126002311707,,,,,,,,,,,,,,,,,,,,,,,,,
1534,0.6352197527885437,,,,,,,,,,,,,,,,,,,,,,,,,
1535,1.0495085716247559,,,,,,,,,,,,,,,,,,,,,,,,,
1536,0.6460433006286621,,,,,,,,,,,,,,,,,,,,,,,,,
1537,,0.6451786160469055,,0.0001,,"[[8.05835253e+01 2.31339528e+00 1.10037649e+01]
 [5.35044105e-03 4.08823522e-01 2.01547770e-02]
 [4.32279856e-01 6.12384730e-02 5.17146746e+00]]",,,[0.8541972  0.14554254 0.30987457],[0.92136608 0.25410237 0.47313625],[0.99459857 0.14687616 0.31931731],[0.85817824 0.9412767  0.91288269],[0.92824927 0.97615008 0.88314074],[0.85817824 0.9412767  0.91288269],,,,,,,,,,,,
1538,,,0.6768544988198714,0.0001,,,"[[7.93489439e+01 2.40366515e+00 1.18462148e+01]
 [4.96624776e-02 5.62746196e-01 1.63397484e-02]
 [6.86413287e-01 7.67830486e-02 5.00923131e+00]]",,,,,,,,[0.84114092 0.18099408 0.28405083],[0.91371704 0.30651142 0.44242926],[0.99080882 0.18491957 0.29689989],[0.84775578 0.89502602 0.8677859 ],[0.88500929 0.97503857 0.87410739],[0.84775578 0.89502602 0.8677859 ],,,,,,
1539,0.6068106889724731,,,,,,,,,,,,,,,,,,,,,,,,,
1540,0.6583458185195923,,,,,,,,,,,,,,,,,,,,,,,,,
1541,0.6201537251472473,,,,,,,,,,,,,,,,,,,,,,,,,
1542,1.0435651540756226,,,,,,,,,,,,,,,,,,,,,,,,,
1543,0.6329373121261597,,,,,,,,,,,,,,,,,,,,,,,,,
1544,0.5962764024734497,,,,,,,,,,,,,,,,,,,,,,,,,
1545,0.6728178858757019,,,,,,,,,,,,,,,,,,,,,,,,,
1546,0.6485026478767395,,,,,,,,,,,,,,,,,,,,,,,,,
1547,0.6418231725692749,,,,,,,,,,,,,,,,,,,,,,,,,
1548,0.6117956042289734,,,,,,,,,,,,,,,,,,,,,,,,,
1549,0.6209532022476196,,,,,,,,,,,,,,,,,,,,,,,,,
1550,0.8977914452552795,,,,,,,,,,,,,,,,,,,,,,,,,
1551,0.640221357345581,,,,,,,,,,,,,,,,,,,,,,,,,
1552,0.6529591679573059,,,,,,,,,,,,,,,,,,,,,,,,,
1553,0.6101861596107483,,,,,,,,,,,,,,,,,,,,,,,,,
1554,0.6220318078994751,,,,,,,,,,,,,,,,,,,,,,,,,
1555,0.6231746077537537,,,,,,,,,,,,,,,,,,,,,,,,,
1556,0.6260116696357727,,,,,,,,,,,,,,,,,,,,,,,,,
1557,0.6443771719932556,,,,,,,,,,,,,,,,,,,,,,,,,
1558,0.60185706615448,,,,,,,,,,,,,,,,,,,,,,,,,
1559,0.6042001843452454,,,,,,,,,,,,,,,,,,,,,,,,,
1560,0.625602126121521,,,,,,,,,,,,,,,,,,,,,,,,,
1561,0.6249217391014099,,,,,,,,,,,,,,,,,,,,,,,,,
1562,0.6300111413002014,,,,,,,,,,,,,,,,,,,,,,,,,
1563,0.6350840330123901,,,,,,,,,,,,,,,,,,,,,,,,,
1564,0.6287978291511536,,,,,,,,,,,,,,,,,,,,,,,,,
1565,0.6153867244720459,,,,,,,,,,,,,,,,,,,,,,,,,
1566,0.606071412563324,,,,,,,,,,,,,,,,,,,,,,,,,
1567,0.6345961689949036,,,,,,,,,,,,,,,,,,,,,,,,,
1568,0.6198972463607788,,,,,,,,,,,,,,,,,,,,,,,,,
1569,0.636376142501831,,,,,,,,,,,,,,,,,,,,,,,,,
1570,0.6038873195648193,,,,,,,,,,,,,,,,,,,,,,,,,
1571,0.6251513361930847,,,,,,,,,,,,,,,,,,,,,,,,,
1572,0.6274409890174866,,,,,,,,,,,,,,,,,,,,,,,,,
1573,0.6106637120246887,,,,,,,,,,,,,,,,,,,,,,,,,
1574,0.622607946395874,,,,,,,,,,,,,,,,,,,,,,,,,
1575,0.6719295382499695,,,,,,,,,,,,,,,,,,,,,,,,,
1576,0.6893535852432251,,,,,,,,,,,,,,,,,,,,,,,,,
1577,0.6601142883300781,,,,,,,,,,,,,,,,,,,,,,,,,
1578,0.6512675881385803,,,,,,,,,,,,,,,,,,,,,,,,,
1579,0.6420634388923645,,,,,,,,,,,,,,,,,,,,,,,,,
1580,0.6196087002754211,,,,,,,,,,,,,,,,,,,,,,,,,
1581,0.6184418201446533,,,,,,,,,,,,,,,,,,,,,,,,,
1582,0.7652091383934021,,,,,,,,,,,,,,,,,,,,,,,,,
1583,0.655178964138031,,,,,,,,,,,,,,,,,,,,,,,,,
1584,0.6102147102355957,,,,,,,,,,,,,,,,,,,,,,,,,
1585,0.6189392805099487,,,,,,,,,,,,,,,,,,,,,,,,,
1586,0.6172316074371338,,,,,,,,,,,,,,,,,,,,,,,,,
1587,0.6188278794288635,,,,,,,,,,,,,,,,,,,,,,,,,
1588,0.6183911561965942,,,,,,,,,,,,,,,,,,,,,,,,,
1589,0.6887075304985046,,,,,,,,,,,,,,,,,,,,,,,,,
1590,0.6228203177452087,,,,,,,,,,,,,,,,,,,,,,,,,
1591,0.6471285223960876,,,,,,,,,,,,,,,,,,,,,,,,,
1592,0.6563186049461365,,,,,,,,,,,,,,,,,,,,,,,,,
1593,0.6225863695144653,,,,,,,,,,,,,,,,,,,,,,,,,
1594,0.6147552728652954,,,,,,,,,,,,,,,,,,,,,,,,,
1595,0.6497833132743835,,,,,,,,,,,,,,,,,,,,,,,,,
1596,0.6457224488258362,,,,,,,,,,,,,,,,,,,,,,,,,
1597,0.6455187797546387,,,,,,,,,,,,,,,,,,,,,,,,,
1598,0.6326178312301636,,,,,,,,,,,,,,,,,,,,,,,,,
1599,0.6067230105400085,,,,,,,,,,,,,,,,,,,,,,,,,
1600,0.6228891611099243,,,,,,,,,,,,,,,,,,,,,,,,,
1601,0.6706037521362305,,,,,,,,,,,,,,,,,,,,,,,,,
1602,0.6305632591247559,,,,,,,,,,,,,,,,,,,,,,,,,
1603,0.6451046466827393,,,,,,,,,,,,,,,,,,,,,,,,,
1604,0.6213277578353882,,,,,,,,,,,,,,,,,,,,,,,,,
1605,0.7037668824195862,,,,,,,,,,,,,,,,,,,,,,,,,
1606,0.6390913724899292,,,,,,,,,,,,,,,,,,,,,,,,,
1607,0.6225436925888062,,,,,,,,,,,,,,,,,,,,,,,,,
1608,0.6140480637550354,,,,,,,,,,,,,,,,,,,,,,,,,
1609,0.635013222694397,,,,,,,,,,,,,,,,,,,,,,,,,
1610,0.6204953789710999,,,,,,,,,,,,,,,,,,,,,,,,,
1611,0.6191383600234985,,,,,,,,,,,,,,,,,,,,,,,,,
1612,0.6362562775611877,,,,,,,,,,,,,,,,,,,,,,,,,
1613,0.6051386594772339,,,,,,,,,,,,,,,,,,,,,,,,,
1614,0.6177685856819153,,,,,,,,,,,,,,,,,,,,,,,,,
1615,0.626648485660553,,,,,,,,,,,,,,,,,,,,,,,,,
1616,0.6385267376899719,,,,,,,,,,,,,,,,,,,,,,,,,
1617,0.6417937874794006,,,,,,,,,,,,,,,,,,,,,,,,,
1618,0.6234702467918396,,,,,,,,,,,,,,,,,,,,,,,,,
1619,0.6234968304634094,,,,,,,,,,,,,,,,,,,,,,,,,
1620,0.6126163005828857,,,,,,,,,,,,,,,,,,,,,,,,,
1621,0.6051393151283264,,,,,,,,,,,,,,,,,,,,,,,,,
1622,0.6305364966392517,,,,,,,,,,,,,,,,,,,,,,,,,
1623,0.6269677877426147,,,,,,,,,,,,,,,,,,,,,,,,,
1624,0.6622887253761292,,,,,,,,,,,,,,,,,,,,,,,,,
1625,0.9551770687103271,,,,,,,,,,,,,,,,,,,,,,,,,
1626,0.6175529956817627,,,,,,,,,,,,,,,,,,,,,,,,,
1627,0.8653961420059204,,,,,,,,,,,,,,,,,,,,,,,,,
1628,0.6401973962783813,,,,,,,,,,,,,,,,,,,,,,,,,
1629,0.6849325299263,,,,,,,,,,,,,,,,,,,,,,,,,
1630,0.6541622281074524,,,,,,,,,,,,,,,,,,,,,,,,,
1631,0.6362230777740479,,,,,,,,,,,,,,,,,,,,,,,,,
1632,0.6827293634414673,,,,,,,,,,,,,,,,,,,,,,,,,
1633,0.6182647347450256,,,,,,,,,,,,,,,,,,,,,,,,,
1634,0.6507741808891296,,,,,,,,,,,,,,,,,,,,,,,,,
1635,0.6426578760147095,,,,,,,,,,,,,,,,,,,,,,,,,
1636,0.6104797124862671,,,,,,,,,,,,,,,,,,,,,,,,,
1637,0.6049963235855103,,,,,,,,,,,,,,,,,,,,,,,,,
1638,0.6309338212013245,,,,,,,,,,,,,,,,,,,,,,,,,
1639,0.6315515637397766,,,,,,,,,,,,,,,,,,,,,,,,,
1640,0.6155058145523071,,,,,,,,,,,,,,,,,,,,,,,,,
1641,0.62883460521698,,,,,,,,,,,,,,,,,,,,,,,,,
1642,0.6264263391494751,,,,,,,,,,,,,,,,,,,,,,,,,
1643,0.6131938695907593,,,,,,,,,,,,,,,,,,,,,,,,,
1644,1.020737886428833,,,,,,,,,,,,,,,,,,,,,,,,,
1645,0.6194921135902405,,,,,,,,,,,,,,,,,,,,,,,,,
1646,0.627318799495697,,,,,,,,,,,,,,,,,,,,,,,,,
1647,0.6838181018829346,,,,,,,,,,,,,,,,,,,,,,,,,
1648,0.6190592646598816,,,,,,,,,,,,,,,,,,,,,,,,,
1649,0.6235561966896057,,,,,,,,,,,,,,,,,,,,,,,,,
1650,0.6120948195457458,,,,,,,,,,,,,,,,,,,,,,,,,
1651,0.6476686596870422,,,,,,,,,,,,,,,,,,,,,,,,,
1652,0.6216678619384766,,,,,,,,,,,,,,,,,,,,,,,,,
1653,0.6185557246208191,,,,,,,,,,,,,,,,,,,,,,,,,
1654,0.6685502529144287,,,,,,,,,,,,,,,,,,,,,,,,,
1655,0.6208526492118835,,,,,,,,,,,,,,,,,,,,,,,,,
1656,0.6588132381439209,,,,,,,,,,,,,,,,,,,,,,,,,
1657,0.6202375292778015,,,,,,,,,,,,,,,,,,,,,,,,,
1658,0.6340441107749939,,,,,,,,,,,,,,,,,,,,,,,,,
1659,0.6236459016799927,,,,,,,,,,,,,,,,,,,,,,,,,
1660,0.6288948655128479,,,,,,,,,,,,,,,,,,,,,,,,,
1661,0.6280531287193298,,,,,,,,,,,,,,,,,,,,,,,,,
1662,0.6122537851333618,,,,,,,,,,,,,,,,,,,,,,,,,
1663,0.6127688884735107,,,,,,,,,,,,,,,,,,,,,,,,,
1664,0.6230282783508301,,,,,,,,,,,,,,,,,,,,,,,,,
1665,0.614002525806427,,,,,,,,,,,,,,,,,,,,,,,,,
1666,0.6244201064109802,,,,,,,,,,,,,,,,,,,,,,,,,
1667,0.6793156862258911,,,,,,,,,,,,,,,,,,,,,,,,,
1668,0.6215391159057617,,,,,,,,,,,,,,,,,,,,,,,,,
1669,0.6739912033081055,,,,,,,,,,,,,,,,,,,,,,,,,
1670,0.615731418132782,,,,,,,,,,,,,,,,,,,,,,,,,
1671,0.644934892654419,,,,,,,,,,,,,,,,,,,,,,,,,
1672,0.6589271426200867,,,,,,,,,,,,,,,,,,,,,,,,,
1673,0.6451349258422852,,,,,,,,,,,,,,,,,,,,,,,,,
1674,0.6182040572166443,,,,,,,,,,,,,,,,,,,,,,,,,
1675,0.6363860368728638,,,,,,,,,,,,,,,,,,,,,,,,,
1676,0.614416778087616,,,,,,,,,,,,,,,,,,,,,,,,,
1677,0.6566859483718872,,,,,,,,,,,,,,,,,,,,,,,,,
1678,0.6435863971710205,,,,,,,,,,,,,,,,,,,,,,,,,
1679,0.6740667223930359,,,,,,,,,,,,,,,,,,,,,,,,,
1680,0.6897348761558533,,,,,,,,,,,,,,,,,,,,,,,,,
1681,0.6692496538162231,,,,,,,,,,,,,,,,,,,,,,,,,
1682,0.6229480504989624,,,,,,,,,,,,,,,,,,,,,,,,,
1683,0.6231827139854431,,,,,,,,,,,,,,,,,,,,,,,,,
1684,0.6236728429794312,,,,,,,,,,,,,,,,,,,,,,,,,
1685,0.6113986968994141,,,,,,,,,,,,,,,,,,,,,,,,,
1686,0.6178004145622253,,,,,,,,,,,,,,,,,,,,,,,,,
1687,0.6861228346824646,,,,,,,,,,,,,,,,,,,,,,,,,
1688,0.6473327279090881,,,,,,,,,,,,,,,,,,,,,,,,,
1689,0.6095681190490723,,,,,,,,,,,,,,,,,,,,,,,,,
1690,0.6542465090751648,,,,,,,,,,,,,,,,,,,,,,,,,
1691,0.6118119359016418,,,,,,,,,,,,,,,,,,,,,,,,,
1692,0.6656793355941772,,,,,,,,,,,,,,,,,,,,,,,,,
1693,0.6213256120681763,,,,,,,,,,,,,,,,,,,,,,,,,
1694,0.6354351043701172,,,,,,,,,,,,,,,,,,,,,,,,,
1695,0.6216510534286499,,,,,,,,,,,,,,,,,,,,,,,,,
1696,0.6455339193344116,,,,,,,,,,,,,,,,,,,,,,,,,
1697,0.6628953814506531,,,,,,,,,,,,,,,,,,,,,,,,,
1698,0.6346721649169922,,,,,,,,,,,,,,,,,,,,,,,,,
1699,0.6332643628120422,,,,,,,,,,,,,,,,,,,,,,,,,
1700,0.6474655270576477,,,,,,,,,,,,,,,,,,,,,,,,,
1701,0.6190354228019714,,,,,,,,,,,,,,,,,,,,,,,,,
1702,0.6173909306526184,,,,,,,,,,,,,,,,,,,,,,,,,
1703,0.6338745951652527,,,,,,,,,,,,,,,,,,,,,,,,,
1704,0.5974902510643005,,,,,,,,,,,,,,,,,,,,,,,,,
1705,0.6348549127578735,,,,,,,,,,,,,,,,,,,,,,,,,
1706,0.6436686515808105,,,,,,,,,,,,,,,,,,,,,,,,,
1707,0.6115511655807495,,,,,,,,,,,,,,,,,,,,,,,,,
1708,,0.6435339450836182,,0.0001,,"[[8.10280721e+01 2.18607785e+00 1.06865356e+01]
 [4.46995909e-03 4.10233363e-01 1.96254178e-02]
 [4.33264002e-01 6.25299357e-02 5.16919185e+00]]",,,[0.85890852 0.15290461 0.31575014],[0.92409983 0.2652511  0.47995456],[0.99462678 0.15429029 0.32561115],[0.86291247 0.94452272 0.91248099],[0.92823227 0.97741583 0.88650915],[0.86291247 0.94452272 0.91248099],,,,,,,,,,,,
1709,,,0.6765439347787336,0.0001,,,"[[7.93906349e+01 2.33423715e+00 1.18739519e+01]
 [5.05790325e-02 5.61324097e-01 1.68452921e-02]
 [6.75745492e-01 7.21756136e-02 5.02450654e+00]]",,,,,,,,[0.84166986 0.18494046 0.28446145],[0.91402903 0.31215148 0.44292719],[0.9909342  0.18914214 0.2970391 ],[0.8482012  0.89276422 0.87043214],[0.88653264 0.97578361 0.87380767],[0.8482012  0.89276422 0.87043214],,,,,,
1710,0.6256164908409119,,,,,,,,,,,,,,,,,,,,,,,,,
1711,0.6348930597305298,,,,,,,,,,,,,,,,,,,,,,,,,
1712,0.6387845277786255,,,,,,,,,,,,,,,,,,,,,,,,,
1713,0.8509541749954224,,,,,,,,,,,,,,,,,,,,,,,,,
1714,0.663705050945282,,,,,,,,,,,,,,,,,,,,,,,,,
1715,0.6912392377853394,,,,,,,,,,,,,,,,,,,,,,,,,
1716,0.6422045826911926,,,,,,,,,,,,,,,,,,,,,,,,,
1717,0.6856626868247986,,,,,,,,,,,,,,,,,,,,,,,,,
1718,0.9912402033805847,,,,,,,,,,,,,,,,,,,,,,,,,
1719,0.6075693964958191,,,,,,,,,,,,,,,,,,,,,,,,,
1720,0.6704320907592773,,,,,,,,,,,,,,,,,,,,,,,,,
1721,0.6258629560470581,,,,,,,,,,,,,,,,,,,,,,,,,
1722,0.6348265409469604,,,,,,,,,,,,,,,,,,,,,,,,,
1723,0.6255671381950378,,,,,,,,,,,,,,,,,,,,,,,,,
1724,0.6336761713027954,,,,,,,,,,,,,,,,,,,,,,,,,
1725,0.6451235413551331,,,,,,,,,,,,,,,,,,,,,,,,,
1726,0.616969108581543,,,,,,,,,,,,,,,,,,,,,,,,,
1727,0.6195560693740845,,,,,,,,,,,,,,,,,,,,,,,,,
1728,0.6338672041893005,,,,,,,,,,,,,,,,,,,,,,,,,
1729,0.6082571148872375,,,,,,,,,,,,,,,,,,,,,,,,,
1730,0.6165719032287598,,,,,,,,,,,,,,,,,,,,,,,,,
1731,0.6136378049850464,,,,,,,,,,,,,,,,,,,,,,,,,
1732,0.6185294389724731,,,,,,,,,,,,,,,,,,,,,,,,,
1733,0.6170344352722168,,,,,,,,,,,,,,,,,,,,,,,,,
1734,0.6104024052619934,,,,,,,,,,,,,,,,,,,,,,,,,
1735,0.6168240904808044,,,,,,,,,,,,,,,,,,,,,,,,,
1736,0.6792783737182617,,,,,,,,,,,,,,,,,,,,,,,,,
1737,0.6395940184593201,,,,,,,,,,,,,,,,,,,,,,,,,
1738,0.6097748875617981,,,,,,,,,,,,,,,,,,,,,,,,,
1739,0.6550062298774719,,,,,,,,,,,,,,,,,,,,,,,,,
1740,0.6253913044929504,,,,,,,,,,,,,,,,,,,,,,,,,
1741,0.6139326691627502,,,,,,,,,,,,,,,,,,,,,,,,,
1742,0.6378545761108398,,,,,,,,,,,,,,,,,,,,,,,,,
1743,0.6458452343940735,,,,,,,,,,,,,,,,,,,,,,,,,
1744,0.6559962034225464,,,,,,,,,,,,,,,,,,,,,,,,,
1745,0.620602548122406,,,,,,,,,,,,,,,,,,,,,,,,,
1746,0.6332874298095703,,,,,,,,,,,,,,,,,,,,,,,,,
1747,0.6277884244918823,,,,,,,,,,,,,,,,,,,,,,,,,
1748,0.6255655288696289,,,,,,,,,,,,,,,,,,,,,,,,,
1749,0.6146698594093323,,,,,,,,,,,,,,,,,,,,,,,,,
1750,0.6574406027793884,,,,,,,,,,,,,,,,,,,,,,,,,
1751,0.6021789908409119,,,,,,,,,,,,,,,,,,,,,,,,,
1752,0.6658874154090881,,,,,,,,,,,,,,,,,,,,,,,,,
1753,0.6563308835029602,,,,,,,,,,,,,,,,,,,,,,,,,
1754,0.6258279085159302,,,,,,,,,,,,,,,,,,,,,,,,,
1755,0.6189270615577698,,,,,,,,,,,,,,,,,,,,,,,,,
1756,0.6119410395622253,,,,,,,,,,,,,,,,,,,,,,,,,
1757,0.6463425755500793,,,,,,,,,,,,,,,,,,,,,,,,,
1758,0.6199897527694702,,,,,,,,,,,,,,,,,,,,,,,,,
1759,0.6192779541015625,,,,,,,,,,,,,,,,,,,,,,,,,
1760,0.6338100433349609,,,,,,,,,,,,,,,,,,,,,,,,,
1761,0.6094712615013123,,,,,,,,,,,,,,,,,,,,,,,,,
1762,0.6135715246200562,,,,,,,,,,,,,,,,,,,,,,,,,
1763,0.6165809035301208,,,,,,,,,,,,,,,,,,,,,,,,,
1764,0.6106451153755188,,,,,,,,,,,,,,,,,,,,,,,,,
1765,0.6403833031654358,,,,,,,,,,,,,,,,,,,,,,,,,
1766,0.6210214495658875,,,,,,,,,,,,,,,,,,,,,,,,,
1767,0.6219469308853149,,,,,,,,,,,,,,,,,,,,,,,,,
1768,0.6843805313110352,,,,,,,,,,,,,,,,,,,,,,,,,
1769,0.6084946990013123,,,,,,,,,,,,,,,,,,,,,,,,,
1770,0.6348322033882141,,,,,,,,,,,,,,,,,,,,,,,,,
1771,0.6383448839187622,,,,,,,,,,,,,,,,,,,,,,,,,
1772,0.6553787589073181,,,,,,,,,,,,,,,,,,,,,,,,,
1773,0.6241544485092163,,,,,,,,,,,,,,,,,,,,,,,,,
1774,0.6239303946495056,,,,,,,,,,,,,,,,,,,,,,,,,
1775,0.6277571320533752,,,,,,,,,,,,,,,,,,,,,,,,,
1776,0.6905030012130737,,,,,,,,,,,,,,,,,,,,,,,,,
1777,0.6145337820053101,,,,,,,,,,,,,,,,,,,,,,,,,
1778,0.6418606638908386,,,,,,,,,,,,,,,,,,,,,,,,,
1779,0.6303073763847351,,,,,,,,,,,,,,,,,,,,,,,,,
1780,0.8275579810142517,,,,,,,,,,,,,,,,,,,,,,,,,
1781,0.6389572024345398,,,,,,,,,,,,,,,,,,,,,,,,,
1782,0.6444346308708191,,,,,,,,,,,,,,,,,,,,,,,,,
1783,0.634009838104248,,,,,,,,,,,,,,,,,,,,,,,,,
1784,0.6158948540687561,,,,,,,,,,,,,,,,,,,,,,,,,
1785,0.6360466480255127,,,,,,,,,,,,,,,,,,,,,,,,,
1786,0.6485135555267334,,,,,,,,,,,,,,,,,,,,,,,,,
1787,0.6451150178909302,,,,,,,,,,,,,,,,,,,,,,,,,
1788,0.635269284248352,,,,,,,,,,,,,,,,,,,,,,,,,
1789,0.668154776096344,,,,,,,,,,,,,,,,,,,,,,,,,
1790,0.6436111927032471,,,,,,,,,,,,,,,,,,,,,,,,,
1791,0.6318752765655518,,,,,,,,,,,,,,,,,,,,,,,,,
1792,0.651645302772522,,,,,,,,,,,,,,,,,,,,,,,,,
1793,0.6171574592590332,,,,,,,,,,,,,,,,,,,,,,,,,
1794,0.6663696765899658,,,,,,,,,,,,,,,,,,,,,,,,,
1795,0.6263463497161865,,,,,,,,,,,,,,,,,,,,,,,,,
1796,0.6366991400718689,,,,,,,,,,,,,,,,,,,,,,,,,
1797,0.6111994981765747,,,,,,,,,,,,,,,,,,,,,,,,,
1798,0.6850488185882568,,,,,,,,,,,,,,,,,,,,,,,,,
1799,0.624599039554596,,,,,,,,,,,,,,,,,,,,,,,,,
1800,0.6199543476104736,,,,,,,,,,,,,,,,,,,,,,,,,
1801,0.6151216626167297,,,,,,,,,,,,,,,,,,,,,,,,,
1802,0.610131561756134,,,,,,,,,,,,,,,,,,,,,,,,,
1803,0.6099414229393005,,,,,,,,,,,,,,,,,,,,,,,,,
1804,0.6287938952445984,,,,,,,,,,,,,,,,,,,,,,,,,
1805,0.6401153802871704,,,,,,,,,,,,,,,,,,,,,,,,,
1806,0.6154922246932983,,,,,,,,,,,,,,,,,,,,,,,,,
1807,0.624979555606842,,,,,,,,,,,,,,,,,,,,,,,,,
1808,0.6333212852478027,,,,,,,,,,,,,,,,,,,,,,,,,
1809,0.6264858245849609,,,,,,,,,,,,,,,,,,,,,,,,,
1810,0.6304317116737366,,,,,,,,,,,,,,,,,,,,,,,,,
1811,0.6138490438461304,,,,,,,,,,,,,,,,,,,,,,,,,
1812,0.6042671203613281,,,,,,,,,,,,,,,,,,,,,,,,,
1813,0.6178551316261292,,,,,,,,,,,,,,,,,,,,,,,,,
1814,0.6060121655464172,,,,,,,,,,,,,,,,,,,,,,,,,
1815,0.605047881603241,,,,,,,,,,,,,,,,,,,,,,,,,
1816,0.630070686340332,,,,,,,,,,,,,,,,,,,,,,,,,
1817,0.7849475741386414,,,,,,,,,,,,,,,,,,,,,,,,,
1818,0.620317280292511,,,,,,,,,,,,,,,,,,,,,,,,,
1819,0.6424237489700317,,,,,,,,,,,,,,,,,,,,,,,,,
1820,0.6204126477241516,,,,,,,,,,,,,,,,,,,,,,,,,
1821,0.6336263418197632,,,,,,,,,,,,,,,,,,,,,,,,,
1822,0.6060937643051147,,,,,,,,,,,,,,,,,,,,,,,,,
1823,0.6337581872940063,,,,,,,,,,,,,,,,,,,,,,,,,
1824,0.6556546092033386,,,,,,,,,,,,,,,,,,,,,,,,,
1825,0.6325605511665344,,,,,,,,,,,,,,,,,,,,,,,,,
1826,0.6164092421531677,,,,,,,,,,,,,,,,,,,,,,,,,
1827,0.6416298151016235,,,,,,,,,,,,,,,,,,,,,,,,,
1828,0.6351817846298218,,,,,,,,,,,,,,,,,,,,,,,,,
1829,0.6166979074478149,,,,,,,,,,,,,,,,,,,,,,,,,
1830,0.923205554485321,,,,,,,,,,,,,,,,,,,,,,,,,
1831,0.6119844913482666,,,,,,,,,,,,,,,,,,,,,,,,,
1832,0.9306067228317261,,,,,,,,,,,,,,,,,,,,,,,,,
1833,0.6565769910812378,,,,,,,,,,,,,,,,,,,,,,,,,
1834,0.6162741184234619,,,,,,,,,,,,,,,,,,,,,,,,,
1835,0.6451326012611389,,,,,,,,,,,,,,,,,,,,,,,,,
1836,0.6076592803001404,,,,,,,,,,,,,,,,,,,,,,,,,
1837,0.6137596964836121,,,,,,,,,,,,,,,,,,,,,,,,,
1838,0.6491121053695679,,,,,,,,,,,,,,,,,,,,,,,,,
1839,0.6373173594474792,,,,,,,,,,,,,,,,,,,,,,,,,
1840,0.6063216924667358,,,,,,,,,,,,,,,,,,,,,,,,,
1841,0.6312204003334045,,,,,,,,,,,,,,,,,,,,,,,,,
1842,0.6361452341079712,,,,,,,,,,,,,,,,,,,,,,,,,
1843,0.6197834610939026,,,,,,,,,,,,,,,,,,,,,,,,,
1844,0.6457552909851074,,,,,,,,,,,,,,,,,,,,,,,,,
1845,0.6461709141731262,,,,,,,,,,,,,,,,,,,,,,,,,
1846,0.6052346229553223,,,,,,,,,,,,,,,,,,,,,,,,,
1847,0.5971897840499878,,,,,,,,,,,,,,,,,,,,,,,,,
1848,0.6086080074310303,,,,,,,,,,,,,,,,,,,,,,,,,
1849,0.6623112559318542,,,,,,,,,,,,,,,,,,,,,,,,,
1850,0.6326324343681335,,,,,,,,,,,,,,,,,,,,,,,,,
1851,0.6077958941459656,,,,,,,,,,,,,,,,,,,,,,,,,
1852,0.626462996006012,,,,,,,,,,,,,,,,,,,,,,,,,
1853,0.6353389620780945,,,,,,,,,,,,,,,,,,,,,,,,,
1854,0.611726701259613,,,,,,,,,,,,,,,,,,,,,,,,,
1855,0.6150115132331848,,,,,,,,,,,,,,,,,,,,,,,,,
1856,0.6294887661933899,,,,,,,,,,,,,,,,,,,,,,,,,
1857,0.6191388964653015,,,,,,,,,,,,,,,,,,,,,,,,,
1858,0.6503837704658508,,,,,,,,,,,,,,,,,,,,,,,,,
1859,0.630274772644043,,,,,,,,,,,,,,,,,,,,,,,,,
1860,0.6018514633178711,,,,,,,,,,,,,,,,,,,,,,,,,
1861,0.6841615438461304,,,,,,,,,,,,,,,,,,,,,,,,,
1862,0.6277489066123962,,,,,,,,,,,,,,,,,,,,,,,,,
1863,0.6106742024421692,,,,,,,,,,,,,,,,,,,,,,,,,
1864,0.6101335883140564,,,,,,,,,,,,,,,,,,,,,,,,,
1865,0.6922205686569214,,,,,,,,,,,,,,,,,,,,,,,,,
1866,0.6288838386535645,,,,,,,,,,,,,,,,,,,,,,,,,
1867,0.630182683467865,,,,,,,,,,,,,,,,,,,,,,,,,
1868,0.6187961101531982,,,,,,,,,,,,,,,,,,,,,,,,,
1869,0.6364770531654358,,,,,,,,,,,,,,,,,,,,,,,,,
1870,0.6093057990074158,,,,,,,,,,,,,,,,,,,,,,,,,
1871,0.6166688203811646,,,,,,,,,,,,,,,,,,,,,,,,,
1872,0.6428097486495972,,,,,,,,,,,,,,,,,,,,,,,,,
1873,0.6372900605201721,,,,,,,,,,,,,,,,,,,,,,,,,
1874,0.6218806505203247,,,,,,,,,,,,,,,,,,,,,,,,,
1875,0.6023908257484436,,,,,,,,,,,,,,,,,,,,,,,,,
1876,0.6310246586799622,,,,,,,,,,,,,,,,,,,,,,,,,
1877,0.6158222556114197,,,,,,,,,,,,,,,,,,,,,,,,,
1878,0.6403082013130188,,,,,,,,,,,,,,,,,,,,,,,,,
1879,,0.63974529504776,,1e-05,,"[[8.09437020e+01 2.15655044e+00 1.08004331e+01]
 [3.13903688e-03 4.11927781e-01 1.92619222e-02]
 [4.09437485e-01 5.82007601e-02 5.19734754e+00]]",,,[0.85824305 0.15549843 0.31528348],[0.92371453 0.26914521 0.47941525],[0.99492877 0.15682456 0.32448859],[0.86201396 0.94842395 0.91745112],[0.9323569  0.97775588 0.88530563],[0.86201396 0.94842395 0.91745112],,,,,,,,,,,,
1880,,,0.6782901395450939,1e-05,,,"[[7.97491825e+01 2.26310756e+00 1.15865339e+01]
 [5.37869746e-02 5.57403051e-01 1.75583965e-02]
 [6.99526597e-01 7.11110947e-02 5.00178995e+00]]",,,,,,,,[0.84522921 0.18812327 0.28784762],[0.91612381 0.31667298 0.44702124],[0.99064236 0.19276486 0.30120592],[0.85203189 0.88652795 0.86649678],[0.88231638 0.97651012 0.87685035],[0.85203189 0.88652795 0.86649678],,,,,,
0,,,,,1.3584930447281385,,,"[[8.07263502e+01 1.98569376e+00 1.11462814e+01]
 [6.61103018e-02 4.73372663e-01 1.00817330e-02]
 [6.39974181e-01 7.62327990e-02 4.87590296e+00]]",,,,,,,,,,,,,[0.85366525 0.18126527 0.29112522],[0.92105654 0.30690019 0.45096358],[0.9913292  0.18671274 0.30413062],[0.86008726 0.8613593  0.87192545],[0.88503388 0.97926679 0.88182806],[0.86008726 0.8613593  0.87192545]
